"title":"Transformers","url":"https://drive.google.com/file/d/17FH0E-XliQ0VAWNnxrwkvhUrCCGLKx2A/view"
"title":"Transformers: Revenge Of The Fallen","url":"https://drive.google.com/file/d/1y6jeh-jrsSjbsYJKe-S12W6WK5y7eT7W/view"
"title":"Transformers: The Last Knight","url":"https://drive.google.com/file/d/1b9ZHT2vDIp-JJ9JD0PWbEbyU1bDZMcPl/view"
"title":"Bumblebee","url":"https://drive.google.com/file/d/1wqi9Wk--koq0SqRkoVZWXLVJBtABkjPy/view"
"title":"John Wick 2","url":"https://drive.google.com/file/d/1gzsZEVTNEb93tSa0nuzlpR2n20D4Dyx9/view"
"title":"John Wick 3","url":"https://drive.google.com/file/d/1CsIZrKGXn557DdOJrdz5ty7nkg0i4CWR/view"
"title":"TMNT (2007","url":"https://drive.google.com/file/d/18iqYAOVbRHOT7jzJ3sqlyxi8RS5AH5sM/view"
"title":"Bullet Train","url":"https://drive.google.com/file/d/1r-tLMVFdjeYHU9OgEwxUKiFsrSsebjgS/view?usp=sharing"
"title":"Fallen Angel"},{"fileId":"11P3B2RukoGSyROLV9OfgrfkFq8EFWyU-"
"title":"Monkey Man"},{"url":"https://drive.google.com/file/d/10x8xwmS7yC9WUZuEFlQZKQjKGyo7rhLI/view"
"title":"How To Train Your Dragon (Live Action)","fileId":"10x8xwmS7yC9WUZuEFlQZKQjKGyo7rhLI"
"title":"Godzilla Minus One","fileId":"15cslPKo6esN4D6oaMaRjcC3_eIwFDX4e"
"title":"Cocaine Bear","fileId":"1vrClp3nIYkdIBRPzZDxxq7ICIOWHioAh"
"title":"The Hunger Games","folderId":"191SV07BWBQGCr_l2IxEp-rarCozd8rWZ"
"title":"The Hunger Games (2012)","fileId":"1GHK3mHujTovReljAxGqe2F0q3vN1Qme9"
"title":"The Hunger Games_ Catching Fire (2013)"},{"fileId":"1_t-PD-vkN5a46mU3DNBeX_jcOmvFj6A_"
"title":"The Hunger Games_ Mockingjay Part 2 (2015)","url":"https://drive.google.com/file/d/1EcBN2d8_Ia2lHuhVWDYsrsI86D9ozpue/view"
"title":"Kill Bill: Vol 1","url":"https://drive.google.com/file/d/1O7IPP73pLpqj6qH4mfqjDhwNbeDMSU7N/view"
"title":"Real Steel","fileId":"1zamnVJgx2cGGc4r2w9jWiEqRIG9WJREE"
"title":"The Running Man","fileId":"1fBbPwyCEq0lk43CmyLO7R_b2ISqaeNtY"
"title":"Prey","fileId":"1rDdAvHRpGKejeyDr57uccqlNMIrSOCJO"
"title":"The Lord Of The Rings: The Fellowship Of The Ring","fileId":"1JXzSjhfN6gMroUO8lugVagZgDzkfOCmu"
"title":"M3gan 2.0","url":"https://drive.google.com/file/d/1QkIGawMXMjf-FQ18o169NPPB8_l-Wx0I/view"
"title":"65","fileId":"1Mva-frIx-PjwLfoV08BxlwQ44glMzBnZ"
"title":"The Bad Guys (2022)","url":"https://drive.google.com/file/d/14Jaf4mvnuhyjHus-m7RIhc8Koztt3PQY/view"
"title":"The Bad Guys 2 (2025)","fileId":"1b8yWE9x59NnGSgJiayln9Nh4Wu3CsqlK"
"title":"Captain Underpants","url":"https://drive.google.com/file/d/1BW7yv_y4uk99Nsjbc--z1beQ_bYYmUXk/view"
"title":"Hotel Transylvania","url":"https://drive.google.com/file/d/1gZ4FVX5GLCSv2-i_sabXWhgl9u_3FeOB/view"
"title":"Hotel Transylvania 2","fileId":"1LZI5E52J_R_Cx6f3EXLl-BAn6vuhUduD"
"title":"Hotel Transylvania 3"},{"fileId":"1vfK88bevfsTG04SsFlWuhwdlgVBNHUVy"
"title":"Megamind","fileId":"1hnyGkiJl6v4KJhZJafAqvUcl8DqTV2SV"
"title":"Kung Fu Panda","url":"https://drive.google.com/drive/folders/15U84bvjyFngzyG_0hVVWX-_suE35syhq?usp=sharing"
"title":"Kung Fu Panda 4 (2024)"},{"url":"https://drive.google.com/file/d/1iFllJeTzNjbsl-laM63ws_q0XbMZGTEF/view"
"title":"Kung_Fu_Panda_2_(2011)_NaijaPrey.com","fileId":"1HfHUS0UOtlWdE4eLxuotsz_HP89yahPk"
"title":"Minions Rise of Gru","url":"https://drive.google.com/file/d/1TujwQIfwNoTTqzom6EcHfZVg9QTl-iJu/view?usp=sharing"
"title":"Puss In The Boots : The Last Wish","fileId":"19rFIjWbi_CYq4EWMW9sOOIaxaSi7BRVo"
"title":"Coraline","url":"https://drive.google.com/file/d/1UA5F92dcDXoGE4-Rd8hdUyRJW7oNb4lv/view?usp=sharing"
"title":"despicable me 3"},{"fileId":"1FVCZG-bl-NkKaD5Utr-iGtdynDm05t5k"
"title":"dispicable me 4","fileId":"1GWJ4kc0j6wVVetymU5aDCHGRuSM6ZbJk"
"title":"dispicable me","fileId":"1loX0ndB0vo4V0qU3l2PPaxNxQ_ogiv8y"
"title":"Transformers One","url":"https://drive.google.com/file/d/1hTduZG0a1oogQljKxixXRSeKKJ_sNncj/view?usp=sharing"
"title":"Rio","fileId":"1DIHKkPm7JVwOWWgM5RvYgOhAbFXWOAhf"
"title":"Lego Ninjago Movie","fileId":"1yDxco0_fQPJHfW7ZbH7-w50wbWvI58I-"
"title":"Lego Movie","url":"https://drive.google.com/file/d/1j2kFu1apjVp0E2_xojdiqASlQOc8RBit/view"
"title":"Lego Movie Part 2","url":"https://drive.google.com/file/d/1_sb4Ogn-0xQX3Znf21COpLMrfs_x6Nuv/view"
"title":"Lego Batman Movie","url":"https://drive.google.com/file/d/1Xn4F4GNvfKOljko2ZE_JUQcBWIHhO0ql/view"
"title":"How to Train Your Dragon 2 (2014)","fileId":"1owRkB-VcLO0H1CXbEFexmCFeNWNZ7lh0"
"title":"How To Train Your Dragon","folderId":"1xEOXf-EeBdvUzpJgkH5SvFIGYQ9WZbvm"
"title":"South Park: Joining the Panderverse"},{"fileId":"1lS4FEithc1bSHzfCW-Yt3cpeQOloaZBc"
"title":"South Park: The Streaming Wars"},{"fileId":"1w9f4WudGBkXyYTWReinBq7QqaWfHfZTo"
"title":"South Park: The Streaming Wars Part 2"},{"url":"https://drive.google.com/file/d/1Lqk62mxJpcbcqpOoY15wqV1kxKgbnTE3/view?usp=sharing"
"title":"Regular Show: The Movie","fileId":"1Lqk62mxJpcbcqpOoY15wqV1kxKgbnTE3"
"title":"Shrek","url":"https://drive.google.com/drive/folders/1o_o6Spqqhl_E6nfwfwLfl-m9m4djgVPR?usp=sharing"
"title":"Shrek (2001)"},{"fileId":"1y7dvHCBCWael2fRO_J4U2W0N5TS-V3OV"
"title":"Shrek_ Forever After (2010)","url":"https://drive.google.com/file/d/1RhoD_mNTEixlC_Qwaquswd55dAX6UicF/view"
"title":"Super Mario Bros"},{"url":"https://drive.google.com/file/d/1g7rIpnPIv6mFMeOLEOzaQWg6obJun-HC/view?usp=sharing"
"title":"Garfield Movie","fileId":"1g7rIpnPIv6mFMeOLEOzaQWg6obJun-HC"
"title":"Migration","fileId":"1pV4ujRFH3wIRE0GPZAWeEMFmnLMzvwYE"
"title":"The Lorax"},{"fileId":"1Ypz14Ez9BtuAMcLSJXn3oEOLw7OFYKCv"
"title":"Mitchles Vs The Machines","url":"https://drive.google.com/file/d/1oaFB21KlygwRiS_MhIAhgVHdMVbc7ZHW/view?usp=sharing"
"title":"The Simpsons Movie"},{"fileId":"1bWjDR24TmQI1TgI8rKJMbcQkAPSiJC_v"
"title":"Eight Crazy Nights","url":"https://drive.google.com/file/d/1ZVbnrY4cIF5dVWqgVEFGiHHyR4dbbQhi/view?usp=sharing"
"title":"Penguins Of Madagascar"},{"folderId":"1Seu_mm_l5wOJPwGz-IxxdXnja83IfGOd"
"title":"Scobby-Doo snd the legend of the vampire.theatrical","url":"https://drive.google.com/file/d/1V7dZ668NX5phvFK2jK_TnLH4ouoTSwxp/view"
"title":"scooby doo and witch\u0027s ghost","url":"https://drive.google.com/file/d/1_hkjpVLPviBFV8320Drj4jjC9DfSzueB/view"
"title":"Scooby doo moon monster madness","url":"https://drive.google.com/file/d/1uCF6cq6_ZVy5TSNX2FRQAC923Q7qMW1J/view"
"title":"scooby doo music of the vampire"},{"fileId":"1xsSHSR4XkvHqsJBgFVxBDnBgfS24JUvA"
"title":"Scooby-Doo 2- Monsters Unleashed 2004 720p HD","url":"https://drive.google.com/file/d/1VXxo8cvPI7-zigV3FR5JP3-C2WSXvkXt/view"
"title":"Scooby-Doo 2002 720p HD","url":"https://drive.google.com/file/d/1ymZeTFGF6pgOTvkEn1xSqBfj_aYR5LHX/view"
"title":"Scooby-Doo- Chill Out, Scooby-Doo! 2007 720p HD","fileId":"1_SS4zquRwcchbyIFCr4BfDww5XaMpuIP"
"title":"Scooby-Doo! and Kiss- Rock and Roll Mystery 2015 720p HD"},{"fileId":"1A3KkhmxtAok0WhO2iaSR4GPwOWBs_T6w"
"title":"Scooby-Doo! And Krypto, Too! full movie"},{"url":"https://drive.google.com/file/d/16tHC-thdWdS1nvwHi1pI5AQ_Fo0Hj-8v/view"
"title":"Scooby-Doo! and the Loch Ness Monster 2004 720p HD","url":"https://drive.google.com/file/d/1Nsma8w-WsXv1v2C0oVOoFJiCLjUkEJC1/view"
"title":"Scooby-Doo! Camp Scare 2010 720p HD","url":"https://drive.google.com/file/d/1mGgYJGgsTJT97xogS3WxBixaZUBemXor/view"
"title":"Scooby-Doo! Frankencreepy full movie","fileId":"16C2WJoTqTo_6uk28EHxGW0ZP3IhHv8XW"
"title":"Scooby-Doo! Haunted Holidays full moive"},{"url":"https://drive.google.com/file/d/1X7f2m8bGfLZVu3iOVpRZNrkbGJrBEv21/view"
"title":"Scooby-Doo! Mask of the Blue Falcon 2012 720p HD"},{"fileId":"1Nbjo8OypekfTZutBNUEZyfUsGAsxoGc5"
"title":"Straight Outta Nowhere: Scooby-Doo! Meets Courage the Cowardly Dog","fileId":"1Zh_wuLiteAQpM9MYo3CKdmjvPv11QDtB"
"title":"Bad Guys 2","url":"https://drive.google.com/file/d/1V9yPZr0YlrSthlfU2Df3mgrs9Mcnok4q/view"
"title":"Phineas And Ferb The Movie: Candace Against The World","url":"https://drive.google.com/file/d/1dFQihjIfbp0ThxhiMnkl87NVM5gbHuZ4/view?t=8"
"title":"Angry Birds","fileId":"1eA6hD_4TmbBG0BVEHF1039b3f5syeBPm"
"title":"Angry Birds 2","url":"https://drive.google.com/file/d/13d61GNs2uBiBkFgFpvQbKUe0ibXz8B-R/view"
"title":"How To Train Your Dragon: The Hidden World","fileId":"1WxKtcIWb7N7P2NSd_gUl6zn9KbO2NS5I"
"title":"Flow","fileId":"1abSt9RNOgW_ctcF_KQXJ-XQaovffegef"
"title":"Curious George: A Halloween Boo Fest","fileId":"1YZsUVPadQNDrn_exXbkTqMqUM1XkW3KZ"
"title":"Monster House"},{"fileId":"1Qoj7tlVlm7jg28-wRXWMdnB9gZY-pbDL"
"title":"GOAT"},{"fileId":"1Ew4WFMb7Nnbx5iEHJHM5VoehcKQx7kUA"
"title":"Smurfs: The Lost Village","url":"https://drive.google.com/file/d/1CFWWrxS2CPUPcywFvt7OGphJpmoS_hrp/view"
"title":"Ed, Edd n Eddy\u0027s Big Picture Show 2009 1080p HD","fileId":"1mha5-pO-BvHhpoTjbAwogks16SUYeQ4T"
"title":"Ed, Edd, Eddy, Movies","folderId":"1AGeo-m0oYu5Kp2e1vARXb6JhqV2oNbNH"
"title":"The Super Mario Galaxy Movie","url":"https://drive.google.com/file/d/1Sr1dIisyBJgnCbW4WrgSIcLO8uiNSTv2/view?t=16.467"
"title":"Dragon Ball Super Hero","url":"https://drive.google.com/file/d/1-gxJrcv5Ob2lnX1bu-nI2rniRg0p_Mmt/view"
"title":"Dragon Ball Super Broly","url":"https://drive.google.com/file/d/1ktbXHqWnpPYZuFrg8K7YBJV2XqKFZw80/view"
"title":"Demon Slayer - Mugen Train"},{"url":"https://drive.google.com/file/d/1HvCHAWB7NhIqPbpcv3IH0r2i61AGnEBE/view"
"title":"Boruto The Movie","fileId":"1HvCHAWB7NhIqPbpcv3IH0r2i61AGnEBE"
"title":"I Want To Eat Your Pancreas","folderId":"1Xt7ZbY1LLlFLCWVKd4cYs6pdG-PG3lft"
"title":"Your Name","fileId":"1UkM5vQWnaJRSXuIWbwh_8s3DvGoeHNJc"
"title":"Yo-kai Watch the Movie: Forever Friends"}],"url":"https://drive.google.com/drive/folders/1oyYc6a_zBF-ah7RijEoWgSrOyQcYj3KT"
"title":"Yo-Kai Watch The Movie: Forever Friends"},{"url":"https://drive.google.com/open?id=10V6xfOjPN2n_HbSLE94XzKaYJAyaemfu\u0026usp=drive_copy"
"title":"Yo-Kai Watch: the Movie: The Flying Whale and the Grand Adventure of the Double Worlds, Meow!","fileId":"10V6xfOjPN2n_HbSLE94XzKaYJAyaemfu"
"title":"Yo-kai Watch the Movie The Great King Enma and the Five Tales","url":"https://drive.google.com/open?id=1OkfN0tSV5xTBypa7OVuW3N_vPlpiXbrD\u0026usp=drive_copy"
"title":"Chainsaw Man: Reze Arc","url":"https://drive.google.com/file/d/1nNLCndH6gbikw5oa3xAQ35sIDYK34LRe/view?usp=sharing"
"title":"berserk.the.golden.age.arc.3.descent.2013.720p.bluray.x264-ESub.Hollymoviehd","url":"https://drive.google.com/file/d/1x6PgK75dgvCauMe66noVKTtAZZOd8NlJ/view"
"title":"Berserk.The.Golden.Age.Arc.II.The.Battle.for.Doldrey.2012.JAPANESE.720p.BluRay.x264.ESub.Hollymoviehd"},{"url":"https://drive.google.com/file/d/1l5pOFgkUyT7e4fGSmq5-1w7mijc1vkc8/view"
"title":"Berserk.The.Golden.Age.Arc.The.Egg.of.the.King.2012.720p.BluRay.x264-ESub.Hollymoviehd"}]},{"fileId":"1G__q6ZhwzyqqY67CIOspxM8cdG_sVKw0"
"title":"Jujutsu Kaisen: Execution"},{"url":"https://drive.google.com/file/d/1nHN-ibDdkn1k-OihU6bt5UZADI4r7B9I/view"
"title":"A Silent Voice","fileId":"1nHN-ibDdkn1k-OihU6bt5UZADI4r7B9I"
"title":"My Hero Academia: Two Heros","fileId":"1Z4Yhp0Vj1pcra3LguYopdyC1dyssySaq"
"title":"Attack on Titan_ Chronicle (2020)","url":"https://drive.google.com/file/d/1Bcu8ne8zvWbvZNcmQuPiJNlnGYUq5hp7/view"
"title":"Attack on Titan_ THE LAST ATTACK (2024)"},{"fileId":"1km12WwPa5-CGH8kxVJxfzli_bXb8iyT_"
"title":"Fate Stay: Heaven\u0027s Feels","fileId":"1inK5B9FwLeYnkdZ1q9BgmlAN_BgKWSns"
"title":"Fate Stay: Heaven\u0027s Feels: Lost Butterfly","url":"https://drive.google.com/file/d/1CbXZ3P02a_RZHNR1OokuGhKgf8AtJy8F/view"
"title":"Spirited Away"},{"fileId":"1qJQUUUOnTmoQghPiBaUauP9PXlZjOJQQ"
"title":"Dragon Ball Z: Wrath Of The Dragon"},{"fileId":"1jPUfA3jQqnXU3fmNdBbe_LC1UOXBFQx7"
"title":"Alvin and the Chipmunks","url":"https://drive.google.com/file/d/1uCRRJZj1GAaweX996uHbF2zxPoessmGW/view"
"title":"Good Burger","fileId":"1jucPocCb8aq23Bh-GFLcniAk-k5UU-wC"
"title":"Willy Wonka \u0026 The Chocolate Factory","fileId":"1hYH5eFoapAh_9LJZwNREIta4hWBvBAdK"
"title":"Beavis and Butt-Head Do The Universe","url":"https://drive.google.com/file/d/18Y0uInnJ7cNwwGsbJWlH3zPr4LtccmyR/view"
"title":"The Naked Gun","fileId":"1lChG27hamA4igbqlRpei87ZUpxabGvg3"
"title":"Pixels","url":"https://drive.google.com/file/d/1l318XGg-bFj0NuMDPIiioVO5cbg51hO0/view"
"title":"White Chicks","url":"https://drive.google.com/file/d/1zqBPow5wlpbKAu_9zGN1y13ErGvMzqES/view?usp=sharing"
"title":"Happy Gilmore 2 (2025)","url":"https://drive.google.com/file/d/1p5rlkewDRgbdonVrlKvbMAaIl2mZbZtU/view"
"title":"Grown Ups","folderId":"1AX83TX7sRKIrQT4c-b5rea1R1DDQNE8r"
"title":"Grown Ups (2010)","url":"https://drive.google.com/file/d/1AlMtRgsjioZKnm3TsAohCmOwEmRfbyy9/view"
"title":"Grown Ups 2 (2013)","fileId":"1GOBMii6-eegMhthYDMHH_ayfB9QJDcTa"
"title":"Billy Madison","fileId":"1V5OLtgBPU6mbo74vVY-P_H_1xhcgRaWl"
"title":"The Waterboy","fileId":"10-YRQYh4KWCQPuMAIgJqxevHApDSGd5g"
"title":"What About Bob!","fileId":"1UZPE4X0mq383-MbOjmpba59_-1hx9b1F"
"title":"Ferris bueller\u0027s day off","url":"https://drive.google.com/file/d/1jjiKNj8RnYWiFjuCEN4retBIYCuPIvyF/view?usp=sharing"
"title":"WorldSrc.com_Ace_Ventura__Pet_Detective","url":"https://drive.google.com/file/d/1Ll98-YRL5SZQkxtyva3zriXebAKxS9KR/view"
"title":"Ace Ventura","url":"https://drive.google.com/drive/folders/1Lznt-WPs-owSvUXKBwgP1Q3vfl7XTIYx?usp=sharing"
"title":"Bruce Almighty","fileId":"1KH7ogf_KsS26fK4fUw31z3h9rBGP1KbT"
"title":"Duck Soup"},{"url":"https://drive.google.com/file/d/1s3IlKSOvOt9tt4YljiJ2ecVtL9NZXTHI/view?usp=sharing"
"title":"BIG","fileId":"1s3IlKSOvOt9tt4YljiJ2ecVtL9NZXTHI"
"title":"Click","url":"https://drive.google.com/file/d/1JEWELL2zKS5gVLBVfEJAqtTrCBaF0zL9/view?usp=sharing"
"title":"Fist Fight","url":"https://drive.google.com/file/d/1G9QNEsNgjcd-fH5ZxatqIwQXXV_fqqyr/view?usp=sharing"
"title":"Tag","fileId":"1tDiPKGuAjszTsXBi9CoNkKQOeP0urtW5"
"title":"Liar Liar","url":"https://drive.google.com/file/d/1mJ1UbntJcKLuc6SOFmKaA44s3cxDl6QG/view?usp=sharing"
"title":"Richie Rich","url":"https://drive.google.com/file/d/1evQfyc5BrWuwrZBaUlzKE72DjTvR-QIR/view?usp=sharing"
"title":"Superbad"},{"fileId":"1tBV8jFvJUeu5sX6Es6pQ2wFThZZnnYj4"
"title":"Grandmas Boy"},{"url":"https://drive.google.com/file/d/16b1PRqu1tiFy3gamckYQRM9al7eCvlLX/view?usp=sharing"
"title":"Some Like it Hot","fileId":"16b1PRqu1tiFy3gamckYQRM9al7eCvlLX"
"title":"Tommy Boy","fileId":"18_IZ3KSM1dXjE4g-whtpr3xMGta9hOVd"
"title":"hottub time machine","fileId":"15yRw3CVseRl6z0fAxDQolE4n5NyIXzlb"
"title":"WorldSrc.com_Hot_Tub_Time_Machine_2"}],"folderId":"1hcGNuLZ-Hdh-dcBQ7aETX2RsB-5Lz0cU"
"title":"Hot Tub Time Machine"},{"fileId":"1STBjtx1fpaarWvRGxP8W8oTtqomiRckb"
"title":"Jack and Jill","url":"https://drive.google.com/file/d/1oHw1amweOEOpFZSEymAhuWauFciYaVZF/view?usp=sharing"
"title":"WorldSrc.net_National_Lampoons_Christmas_Vacation","url":"https://drive.google.com/file/d/1Wt90Ji50kYORAI-XJmSwjChYC13iGinR/view"
"title":"WorldSrc.net_National_Lampoons_Vacation","url":"https://drive.google.com/file/d/19mfF_1kXUwhC9Mac3q0xDUyxetqkd8tp/view"
"title":"The Mask","url":"https://drive.google.com/file/d/14U4tnaRxjpUPIGiULZDzSU3bdkhfYkjA/view?usp=sharing"
"title":"The Kid","url":"https://drive.google.com/file/d/1fmLUtBcYQrNFTCskifrVjSG8CC65TvcX/view?usp=sharing"
"title":"We\u0027re the Millers","url":"https://drive.google.com/file/d/1kBS_rgoUlQSoEfGI77PKTKRkD08WJLOM/view?usp=sharing"
"title":"Zombieland Double Tap","fileId":"1w9kALIoAZISo-OfyX6DDOeWBKPGCLIAa"
"title":"zombieland","url":"https://drive.google.com/file/d/1-UcPF81rv6C2xU6Yvnxf2vto2NvyikgG/view"
"title":"Zombieland","folderId":"1yXRhQiUziWZlqRd2kPFWp0jaDQ7vavJ-"
"title":"Daddy Day Care","fileId":"1crsoQ1OYXwFkRLsbKN0Q9_iP3V6UAqR0"
"title":"Like Mike","url":"https://drive.google.com/file/d/1S3QGuU1srNBEq-TVxC94W5oqLgtu2JxQ/view?usp=sharing"
"title":"Absolutely Anything","url":"https://drive.google.com/file/d/1n_5KGbeSGSvZwqVTMCA9vuuBfFHZe-01/view?usp=sharing"
"title":"Brighton Beach Memoirs","url":"https://drive.google.com/file/d/1gZc8sYCe7X30EMoW8zcD5nDfDmMAyLsj/view?usp=sharing"
"title":"Paul","url":"https://drive.google.com/file/d/1OPUlperWGCwuly39c3t_XZ01fXUxEDlk/view"
"title":"Paul Blart Mall Cop","url":"https://drive.google.com/file/d/1cSS1p7rMIzamIJxI5L1q0G1877bex3RI/view?usp=sharing"
"title":"Central Intelligence","url":"https://drive.google.com/file/d/1PtouiBwy1bdYlYebPoYGjdTZBRjlNFgk/view?usp=sharing"
"title":"Woody Woodpecker Goes To Camp","fileId":"1rbeUdLuf25ywVxfbP42JDQuvFIoHqGkQ"
"title":"Jingle All The Way","fileId":"1gdQba6i5IcBe7_a4eyU75cuAkbyJEpt4"
"title":"Yes Man","url":"https://drive.google.com/file/d/1G20KUSs7m2w6a_hDP97b4F6gJbhlq2Ol/view?usp=drive_link"
"title":"Catch Me If You Can","fileId":"1XVMMOIprRKF4cEzpbEfPB4UpiMIVAn-v"
"title":"Good Boys"},{"fileId":"1E-uCoZQWCQtyC3sGiOxqG5AiOfT2xp58"
"title":"Jackass (2002)","url":"https://drive.google.com/file/d/1dASU_7OZVaFGWM04f3XTB3Cu5EdJQ3eZ/view"
"title":"Stand By Me","fileId":"1eQPWgzp40rQLHEt6k5nHO0TJIfZ6U1Gq"
"title":"The Hangover Part II (2011)","url":"https://drive.google.com/file/d/11MF4rlvcwh1A7NecW5CRprQB7Om1npbg/view"
"title":"The Hangover Part III (2013)","fileId":"1AXaUEXcxm11nQaEqs4UMCNxLEaeWsJuI"
"title":"The Wolf Of Wall Street","fileId":"1sby7-Rb2k6rhy1RAqn9NcQssN5N4JlUw"
"title":"Bubble Boy","url":"https://drive.google.com/file/d/13UYMNBWKAB7VknGTRVCszOsE7Q2dOMO1/view?usp=sharing"
"title":"Ghostbuster","fileId":"1OY7HZkep77B12l4wRYCN_D23gR9M2G9m"
"title":"Send Help","fileId":"1qcbBQNBZV2yL2VVDoJRCZj1QdyklRtxi"
"title":"Clownado","fileId":"1YzlEFWU49VfJO50oe90hstLVo5fhEKPd"
"title":"Sharknado 3: Oh Hell No!","url":"https://drive.google.com/file/d/10Ckjvhhwu3cVK_DEdUtRgTlg4uHtV0rU/view"
"title":"Sharknado 4: The 4th Awakens","url":"https://drive.google.com/file/d/1rvcFabP7EOVonlzBGYS9Ze1ciVZDGeNt/view?usp=drivesdk"
"title":"Sharknado 5: Global Swimming","url":"https://drive.google.com/file/d/1Ix7zzT2y8X5kLrJ3UErkmlNBD8lkEjyE/view?usp=drive_link"
"title":"The Last Sharknado: It\u0027s About Time","fileId":"1ub1rfEDGWC_6FEC7YCJcjkwzGt5lDC9r"
"title":"Meth Gator","url":"https://drive.google.com/file/d/15hkSlIS1vz6Slq3ahvO6_Be3h_gUZGdL/view"
"title":"Leprechaun 2","url":"https://drive.google.com/file/d/1gVMT8Aad2F51JdRYkjwkTw7tH88zgZxg/view?usp=drive_open"
"title":"Leprechaun 3","url":"https://drive.google.com/file/d/1Tzy2eFt1almlNxZkXfiOVvA-hkGLCvch/view"
"title":"Leprechaun In Space","fileId":"153R-JCEBqmgs3WrcHkEabTynjwa0Ryxs"
"title":"Leprechaun In The Hood","url":"https://drive.google.com/file/d/1xJleQxFvMRES5IVFldAdP-J0UpJIe6jm/view"
"title":"Leprechaun Back 2 Tha Hood","fileId":"1A97Le5K6_JxwfpEpWn5-WOZ69UbVjSeM"
"title":"Juno","url":"https://drive.google.com/file/d/1ZfcedVO80i_SMowPsT-cK2XmuBC-icaE/view?usp=sharing"
"title":"Snoopy Come Home","url":"https://drive.google.com/open?id=1XBuh67RFqFkRbhfp1yAsBDrph1SCSjEV\u0026authuser=0"
"title":"Beverly Hills Chihuahua"},{"fileId":"1bIHwYf80n_DovwE2D7irPbgkyaVZOChx"
"title":"War Dogs","url":"https://drive.google.com/drive/u/0/folders/1dAcCk18ksPVX1vOSmwuwXA8IFoYpZ6eX?ths=true"
"title":"The VelociPastor","fileId":"1-y9FeTD8U7tDFnxHuXwRsMGaFPxpxFMS"
"title":"Next Friday","url":"https://drive.google.com/file/d/1-29H7xyAcR6Hv_RGoU6kH6I7v0ZaIfwV/view"
"title":"Scary Movie 2","url":"https://drive.google.com/file/d/15ZUKZ_4AkH8ClY5eufafvFyKuOzhRafw/view?usp=drive_open"
"title":"Gingerdead Man vs. Evil Bong","fileId":"1xw6Q9IW3zDRQSzUiM7aMDVd_ntIcR3Fu"
"title":"Goosebumps 2: Haunted Halloween","url":"https://drive.google.com/file/d/1AXCEVHIg8Mvb_OOuV-RDAXomq1-bRXaX/view?usp=drive_open\u0026t=0.273"
"title":"Goosebumps","url":"https://drive.google.com/file/d/170gnAmIJTFRI5AXcKcqIEK75cC66QOU9/view"
"title":"Pizza Movie","fileId":"1KrkimDNrloKfu38Mi-yhTNq3HONTTaIt"
"title":"Boyz N The Hood","fileId":"1gfS_yokloggJcqtlWWdz0tbL7ZpWmK51"
"title":"Scarface","url":"https://drive.google.com/file/d/19ujfDKOv1gKjLE4iYlwdcAjG05xGmIy2/view"
"title":"Nightcrawler","url":"https://drive.google.com/file/d/1zoif7DIEvVUxvnfsLvoQpMbpIWz6G00Z/view?usp=sharing"
"title":"Memories of Murder","url":"https://drive.google.com/file/d/1Ra8hT_3VEAUYmM51DTevxpnWQZ69veWB/view?usp=sharing"
"title":"The Godfather Part 1 (1972)"},{"url":"https://drive.google.com/file/d/1JffbeUJ8Kp3yWmQ5XYgtmrMhqLRW7ott/view"
"title":"The Godfather Part 2 (1974)"},{"url":"https://drive.google.com/file/d/1qCc_n6nyTB2SzukgVqyMGtV72nWvX_9h/view"
"title":"The Godfather","url":"https://drive.google.com/drive/folders/1cHUDDDthoFbupzW6ix3WfpbFn0AFca_Y?usp=sharing"
"title":"Se7en","url":"https://drive.google.com/file/d/133ZQ8BoJS-083G5PdphUo9TodtkG8C66/view?usp=sharing"
"title":"Fight Club","url":"https://drive.google.com/file/d/1J_WyATYoZH9qcaX5RNFrjrwmvySFPTom/view"
"title":"Memento","url":"https://drive.google.com/file/d/1KZNnVo2Io0znvCXJId62Inl6ksjkScw3/view?usp=sharing"
"title":"Cure","fileId":"1Z1-rJrMAt9_PQVEb1La8xYr0HBSkJQGk"
"title":"Brick","url":"https://drive.google.com/file/d/1fFcKdNLrjGYffvTCnn-jW1xU6yiyua67/view?usp=sharing"
"title":"Blue Beetle","url":"https://drive.google.com/file/d/1T2XMXtDAlohPcGdi-u2p9zXF9Os9zkY1/view"
"title":"Joker","url":"https://drive.google.com/file/d/1czY5u0zA3TPQh97OFth_1GkaK9nUo-Lq/view"
"title":"The Suicide Squad","url":"https://drive.google.com/file/d/11nKqV7QKkATlvO7pt8eHlfS32rSHeOVZ/view"
"title":"The Flash","url":"https://drive.google.com/file/d/1ApUHMkZM-j3vM-rSG-kvjk3KuvJNAsXp/view"
"title":"Shazam","fileId":"111DMVHuhGLLFunQ1ixi_OG8ui0ckXbfU"
"title":"Shazam 2","fileId":"1LC17KNt1pxG1zJ43CwIBNGXaCN3cmLPc"
"title":"Batman Ninja Vs Yakuza League","fileId":"1v4ePMMFVkWIBYNcYTyXUYPd_Uq2z2bf8"
"title":"Suicide Squad (2016)","url":"https://drive.google.com/file/d/1m2m6kudeN5pivaeCWfMR88xXEyZg8nFK/view"
"title":"Batman V Superman: Dawn Of Justice","url":"https://drive.google.com/file/d/1WM1GG9LCpSdprrK21V6I2GLbvTFl5Uhx/view"
"title":"Ratatouille","url":"https://drive.google.com/file/d/1uPXNavgnPpjSV0AblPh_WJWtgCzo0S9Z/view?usp=sharing"
"title":"A Goofy Movie","fileId":"1HMIRV8sc4Usysznb0QK8wPchMuEEvjoW"
"title":"Coco","url":"https://drive.google.com/file/d/1wIGWmkTNcdFtcGih6OS9fT8fm4PRhYCI/view?usp=sharing"
"title":"Cars","url":"https://drive.google.com/file/d/1RoWQ2LZecPYvsZ48Sah7_xBvZzEHcXL1/view"
"title":"Cars 2"},{"url":"https://drive.google.com/file/d/1FIHXOLtQ20ZommVa2cfSr4ZH3VuTBdvY/view"
"title":"Chicken Little","fileId":"1FIHXOLtQ20ZommVa2cfSr4ZH3VuTBdvY"
"title":"Big Hero 6","url":"https://drive.google.com/file/d/1-mlTmvHpeC-xH_lkfygSSXU_SA5E5EqZ/view?usp=sharing"
"title":"The Incredibles"},{"fileId":"1ZA8se8WMBNIU0QIfrp70AXja_qV1nNsO"
"title":"Toy Story 2 (1999)","url":"https://drive.google.com/file/d/13D8dHlLqOkUM7Gi9MSWTf2lf6s1s9z3z/view"
"title":"Toy Story 1995 720p.ts","url":"https://drive.google.com/file/d/1XJSHOfue3tC54eejPS-ohCfSRUQ5PAMv/view"
"title":"Toy.Story.4.2019.NaijaPrey.com"}],"url":"https://drive.google.com/drive/folders/1m16gTRoFgAUADPW9-c-HfuDl0ZufOF-a?usp=sharing"
"title":"Toy Story"},{"url":"https://drive.google.com/file/d/1rvZf7u7MTRXVbCc10QeesObPI3D_K3aL/view"
"title":"Zootopia 2","fileId":"1rvZf7u7MTRXVbCc10QeesObPI3D_K3aL"
"title":"WALL-E","url":"https://drive.google.com/file/d/0B9konOTuvSYRQTl2Nmp6NkpjSG8/view?resourcekey=0-gT34eT_Bn7WLDxwX3U41fw"
"title":"Frozen II (2019)","url":"https://drive.google.com/file/d/1aA9Rw5NEXPi8hWED_HYfHUfKL0-H4hoL/view"
"title":"Frozen","url":"https://drive.google.com/drive/folders/1UMFVvzwQZw3H5oUSuJJd6Da3w2lCuNEn?usp=sharing"
"title":"Inside Out 2","url":"https://drive.google.com/file/d/1SABVZNMwHTME4hsFwL9IWyWZPKDTBSoT/view"
"title":"Dumbo","fileId":"1o2EvBnHx8aVPAhAhb8ZHM5uLX97ECYWD"
"title":"Piece By Piece","url":"https://drive.google.com/file/d/1-jDMQ_cuszKjHUqWJJ8SykiHGTcsjlX6/view"
"title":"Blackfish","url":"https://drive.google.com/file/d/1RH63THgPn7Mws5ZlcYJSiPyRWUMdUPX8/view"
"title":"Whiplash","url":"https://drive.google.com/file/d/15McdkXv8Gh-hF-uAsco6TGAlQfPq1sRN/view?usp=sharing"
"title":"The Perks of Being a Wallflower"},{"url":"https://drive.google.com/file/d/1GLqywDPqfZSLmLAiKC8j2l0o52cAGP8S/view"
"title":"Oppenheimer","fileId":"1GLqywDPqfZSLmLAiKC8j2l0o52cAGP8S"
"title":"Marley \u0026 Me","fileId":"1rzUjtkHukpUTGWX9uDhvpdCwDT5y0C61"
"title":"The Hunt","fileId":"1tZbtRRW9av2ltJUE4VblGMhI13CSP1K2"
"title":"The Lighthouse","url":"https://drive.google.com/file/d/1b6cSlJsqOpYKJ6j5PfQj9nQippJovIJ6/view?usp=sharing"
"title":"An Elephant Sitting Still","url":"https://drive.google.com/file/d/1-aqoboJYZHhR-RTRe6GFw0q--WCiCi8x/view?usp=sharing"
"title":"Demolition","fileId":"1ELNQpmBYHP4lGZUX_pM0xsLQau_KeP6H"
"title":"Into The Wild","url":"https://drive.google.com/file/d/1YWiKWoyRsKjg1ZFMC6EUsWs-nDv4prbf/view?usp=sharing"
"title":"Mid90s","fileId":"1UU5OkumEa805K5frZLNl-fHLWdudgdM1"
"title":"On Our Own","url":"https://drive.google.com/file/d/1O9GsTMfdkcygyYG-OtgM7VUztnuRkGI8/view"
"title":"The Outsiders","url":"https://drive.google.com/file/d/1FjkoDYyMenurHCXa6ycTB2lDqcpU5R-R/view"
"title":"Stand by Me","fileId":"1A8iNGqQJLx73roGDfQmriN6rTXFq5zJx"
"title":"Mysterious Skin","fileId":"1FkmMQFrSDYxHGaaSRtyQvh_nFEcaCkCB"
"title":"Where the Wild Things are","url":"https://drive.google.com/file/d/1f5tanN9HWhemPYS3VTEBjMpHQEK3oM9g/view?usp=sharing"
"title":"Good Will Hunting","url":"https://drive.google.com/file/d/1e_FZf4WRd0mVGu0OoF6kg4EJQgv6lcbf/view"
"title":"Harry Potter","folderId":"1Nj-m5Uo_vTDP5OCuQyQmhIEcCMoASbVb"
"title":"Harry potter and the Philonsphers stone","url":"https://drive.google.com/file/d/1EFEUumZAbsfQXDm1nX7jwJfd1UtMfzJD/view"
"title":"WorldSrc.com_Harry_Potter_and_the_Chamber_of_Secrets","url":"https://drive.google.com/file/d/1a5uRZF6PYUrRKMcrWo1JpSCFetgCWr0-/view"
"title":"Wicked","fileId":"1ImFmF5qKde3nLlBH4Em8jzt013MpAhYB"
"title":"Molly Moon and the Incredible Book of Hypnotism","url":"https://drive.google.com/file/d/1j53GwuaFnzobfQLH2GRyhgxaIZkZtudN/view?usp=sharing"
"title":"Wonka","url":"https://drive.google.com/file/d/1yrqaifXgmM1s7U0yjAcUKDhpknUyG1TN/view"
"title":"Avatar","url":"https://drive.google.com/file/d/16tKuEYtxi7EeKtX3yZZR-nXgZ_oGTxXS/view"
"title":"The Twilight Saga: Breaking Dawn Part 1","url":"https://drive.google.com/file/d/1GTUALkIJ4mkxae00sdbQdGUhUl4i8lGm/view"
"title":"The Twilight Saga: Breaking Dawn Part 2","url":"https://drive.google.com/file/d/12J1e35T-HQtLoTvfs70-TlZ4oJsXsxvX/view"
"title":"Terrifier","fileId":"1_pQ3kbz_a8l3B7SKfdP9dYQwKax0WHUD"
"title":"Terrifier 3","url":"https://drive.google.com/file/d/1sAj4FqfEIzHPIW7ZUPGGSOFTTaJr5AGI/view"
"title":"Scream","fileId":"1pPzT8Ri09tg11w_9SPBhtDQuq7KH26XH"
"title":"Scream II","fileId":"16TD5egSCItF4mL1rcPS6n5oDrOTpUbGT"
"title":"Scream III","url":"https://drive.google.com/file/d/1i79Tg-esuzP4KBdyC4DUJsh_9XpWJgpY/view"
"title":"Scream V","fileId":"1WGU_asa-pD9tkZI5YK72qsAPksvkkDJN"
"title":"Scream VI","url":"https://drive.google.com/file/d/1V7Hzo6Z4n5TJXFKI7tws0ksn-q9aBxzT/view"
"title":"American Psycho","fileId":"1D7A1jATb2B8Ml-y0mAQQ98ML2nKebyhJ"
"title":"IT","url":"https://drive.google.com/file/d/1BhQDbp8lXDwS-Q-pq4axufeZI-5TklpR/view"
"title":"IT Chapter 2","url":"https://drive.google.com/file/d/1jL7mL_BNhFl0TJkaEFseqqXVXfVj_gP2/view"
"title":"BeetleJuice"},{"fileId":"1iqwRwD5m877gQUmIviBLBmMXtvDUFUMu"
"title":"Parasite","url":"https://drive.google.com/file/d/11gWTZ8qDV-ovuzwLCVu3sMKX1rlD3aOO/view?usp=sharing"
"title":"M3gan","fileId":"1MMl1EYr_OYdc9R-va2IIdPUmkqcj1UpR"
"title":"The.Nun.II.(NKIRI.COM).2023.WEBRip.DOWNLOADED.FROM.NKIRI.COM","fileId":"1NEAAb7V_yTecMcTxLEc5sGdbEXsl0Cqp"
"title":"Alien Romulus","url":"https://drive.google.com/file/d/122SQiB6invgpsu7KpWiYbix5KPUW2WN4/view"
"title":"Friday The 13th (1980","fileId":"1_m59Zx4a-Hee0sEWF0eEVc_15gsOySZ-"
"title":"Friday The 13th Part 3","url":"https://drive.google.com/file/d/15ZtduQTe8804up37j28MpwXXMrVBIrpd/view"
"title":"Friday The 13th: The Final Chapter"},{"url":"https://drive.google.com/file/d/1-Yhg1Bx-1stlbpwvR1XYGSzQWJ8Zcekb/view"
"title":"Friday The 13th: A New Beginning","fileId":"1-Yhg1Bx-1stlbpwvR1XYGSzQWJ8Zcekb"
"title":"Friday The 13th: The New Blood","fileId":"14fFOtu2t6ABp4q5X4F4AzTGo4Tt-RjtA"
"title":"Friday The 13th: Jason Takes Manhattan","fileId":"1GGBxXH38xA22DRmrDKnYlcjj4uuHDNY4"
"title":"Jason Goes To Hell","url":"https://drive.google.com/file/d/1kjNj4QMowrbd4y0lDo-2tMRCP_xzi-po/view"
"title":"Thanksgiving"},{"fileId":"1SjVEqeVTQo3KRRh_VP9zXqSygv7txW_Y"
"title":"Annabelle","url":"https://drive.google.com/file/d/1TAqxJMsOmsUaKIM3qFhlfY1XLLaqer0m/view"
"title":"Annabelle Creation","url":"https://drive.google.com/file/d/1EerL2MZtPl6fLTMwGdbaHdxTkhOrHaT-/view"
"title":"Annabelle Comes Home","fileId":"15DNr6-EO0ZyRh7fNwhCpfEmetxUbipVy"
"title":"The Monkey","url":"https://drive.google.com/file/d/10-taY58X9EgnyFojaAXb0iN1EQEqWfXX/view"
"title":"Five Nights At Freddys","url":"https://drive.google.com/file/d/1tyzXrXFux15AXpZxtiM61p1R1zO6NbSF/view"
"title":"Saw 1","url":"https://drive.google.com/file/d/1nZn3QfKiiZgg4nx3GRA4-K6obuJLlepm/view"
"title":"Saw 2","fileId":"1eQLt5qFXYBjdvN05Jryfkc0MUF6eLZfS"
"title":"Saw 4","fileId":"1XmKqBrU4I1QqPnKG5WGpVImeTFvBjy0n"
"title":"Saw 5","url":"https://drive.google.com/file/d/1Rng7E07HcEPZmWvxYHk2gnrhArp_0MsS/view"
"title":"Saw 7","url":"https://drive.google.com/file/d/1uMSvmCNTmuuY_imm9J8ZvipQW8rWMcCJ/view"
"title":"Get Out","url":"https://drive.google.com/file/d/1NAL07bOQPidzTFNMSrccqr53PGag6nn2/view"
"title":"Cooties"},{"url":"https://drive.google.com/file/d/1d7FFXzRf0u7L23AqH-HsUua_kA8a_edQ/view"
"title":"The Purge Anarchy","fileId":"1d7FFXzRf0u7L23AqH-HsUua_kA8a_edQ"
"title":"The Forever Purge","url":"https://drive.google.com/file/d/1tfdoWD6V8uopSbpIE5GJUg0dZI-2P-yD/view"
"title":"Boo","url":"https://drive.google.com/file/d/1vBDYkMbS1WR0E5tOj0Tdou9S6HJ5Nb5w/view"
"title":"Boo 2","fileId":"1p8PGU6RQya7wIRi5no4pPNOVRaBbnfwR"
"title":"Halloween Kills","url":"https://drive.google.com/file/d/1CdhzdqiTQvWMCvmLE_zFLuc2jHvTMqq8/view"
"title":"Freddy Vs Jason"},{"url":"https://drive.google.com/file/d/1Tsmb_pRgleOTXo6bAltJ6VDWDmf25Jwa/view"
"title":"Nightmare on Elm Street 1","fileId":"1Tsmb_pRgleOTXo6bAltJ6VDWDmf25Jwa"
"title":"Nightmare on Elm Street 3","url":"https://drive.google.com/file/d/1HbRwUQ8YTbjZ1qaRrB23f8bdBCgbaGFw/view"
"title":"Nightmare on Elm Street 5","url":"https://drive.google.com/file/d/16EYEuQa7aZVhqsUIF-NR8q8vqBailLsp/view"
"title":"Apocalypse Z","url":"https://drive.google.com/file/d/1GusERaoP4GxoQuoxPtcNHAPyT816FwOD/view"
"title":"Clown","fileId":"19t3ApLDEzoXj_TGED5X8ykSk1v3VTfl1"
"title":"Evil Dead","url":"https://drive.google.com/file/d/1E2Epz2Y7Ji5xCnKT0RtqMz7r0ENBT4YB/view"
"title":"The Exorcist (1973)","fileId":"15QLRWlaytePX6clBBZqrv461c2VCi_Vl"
"title":"Army Of Darkness","url":"https://drive.google.com/file/d/1fvE9oeXfnVO-RrEbB8YrxQVMVBLT0Oj9/view"
"title":"Texas Chainsaw Massacre"},{"fileId":"1ZRWr-VgyKdy7vocHoVrhYKVFnJE9t8-g"
"title":"Pet Sementary"},{"fileId":"1vE_dTEP4SarbQ-iRN6f8lyUJO1Y0ITi2"
"title":"Pyscho","url":"https://drive.google.com/drive/folders/1Fq0-bRkyQVVnhnJPp-mf9lheo9G-YMSd?usp=sharing"
"title":"WorldSrc.com_Psycho_II"},{"fileId":"1n0aE24DeAL6mkNcR3uLRKsQpv-2LlIaM"
"title":"WorldSrc.com_Psycho"},{"url":"https://drive.google.com/file/d/1HG4ghuglEoayhYHCjxVttt6NgiiDbk2x/view"
"title":"The Shining","url":"https://drive.google.com/file/d/1Gqa0A-Jq8_9olUGWIyJd1jhuIP8EnN5Y/view?usp=sharing"
"title":"The Ring","url":"https://drive.google.com/file/d/1R0LNda-LvylmkXeub-lDpFO3eTDCwKBx/view?usp=sharing"
"title":"creep 2","url":"https://drive.google.com/file/d/187fba5QRt7IlZBVZt-1dYScGjMrjOINv/view"
"title":"Black.Phone.2.2025.1080p.10bit.WEBRip.6CH.x265.HEVC-PSA.WT11","url":"https://drive.google.com/file/d/1MdYIYPQYGyxlTc1qY7kmd3W5fBPd08cu/view"
"title":"The.Black.Phone.2022.1080p.AMZN.WEB-DL.DDP5.1.H.264-CMRG.WT11","url":"https://drive.google.com/file/d/1SMMsMi1d-5jC7xKRbncRJ0uDIdfZKVpe/view"
"title":"All Hallows Eve","url":"https://drive.google.com/file/d/15zZLBZQmlEhQHMzERxIyb1sCWi6S71zE/view"
"title":"Winnie The Pooh: Blood And Honey","url":"https://drive.google.com/file/d/1e2pYLco7JLnU8KMMJYBZ25bzEi_tY0i8/view"
"title":"The Mean One","url":"https://drive.google.com/file/d/17RXtGH7mZQH8kgfC3cdYCyxX28szKJ5C/view"
"title":"Popeye The Slayer Man"},{"url":"https://drive.google.com/file/d/1RFqlYvTymBieOREtaMkk5YQh93JjSqoJ/view"
"title":"The Mouse Trap","fileId":"1RFqlYvTymBieOREtaMkk5YQh93JjSqoJ"
"title":"The Conjuring Last Rites","url":"https://drive.google.com/file/d/1XglUtGeoQphzfAITbyFQScIqbchmwBpu/view?usp=sharing"
"title":"The Calendar Killer","url":"https://drive.google.com/file/d/1Pfg5YUf2BLQKPZ6tXR3CJUvmAWBBmeoR/view?t=2667"
"title":"The Sixth Sense","url":"https://drive.google.com/file/d/1Gi9fK3MX9U-cghhkSVbPQRbFCruCSSnV/view?usp=sharing"
"title":"Halloween 5: The Revenge Of Micheal Myers","url":"https://drive.google.com/file/d/1nkyNfSemLhm0zkyreb-IYqVw1KGmbMdT/view?usp=drive_link"
"title":"Halloween 6: The Curse Of Micheal Myers","url":"https://drive.google.com/file/d/1mqq8LyLAVkYfkxgYszvINUogveH3X4jI/view?usp=drive_link"
"title":"Halloween H20: 20 Years Later","url":"https://drive.google.com/file/d/1kZ71InurtdrTzhHirbGPV3k7-aJqujGr/view"
"title":"Halloween Ends"},{"fileId":"1RtaN8_Xsodf4Ub5K_yRp6eOx62tbj7Ap"
"title":"Scream 7"},{"fileId":"13jK1aDRespvEjDqfAdGULZtdKvLMjbn5"
"title":"Ready Or Not 2: Here I Come"},{"url":"https://drive.google.com/drive/folders/1AOKrj0fkOdDOLewY4pWVgTzlRr76yVKn"
"title":"Paranormal Activity 1 2009 720p HD","fileId":"1zfEW0gCWjqGslS6TN59edtaiy2JUX929"
"title":"Paranormal Activity 3 2011 720p HD","fileId":"1R6zwscI4r5i5W5h-X5BFTdsnRhz-4s3I"
"title":"Paranormal Activity Tokyo Night 2010 720p HD","fileId":"1K-c-pwa1hUYUhL6boGBoEoQSIkqcaKzV"
"title":"Paranormal Activity- The Ghost Dimension 2015 720p HD"},{"fileId":"1j3FyEqCg_22Cd13V2HdMm8qh-YLbK0wQ"
"title":"28 Years Later","fileId":"1Z4hL_80i3HVBn6h0FTahToLuxV6wXJQV"
"title":"28 Weeks Later","url":"https://drive.google.com/file/d/1LbmaA3Z3cjmgWKIYi26yd5sA9VHm2UIr/view"
"title":"28 Days Later","url":"https://drive.google.com/file/d/13MSEvHhFf7OwhtRnq1oHoHliUKlJssmC/view"
"title":"Obsession","url":"https://drive.google.com/file/d/11_hzbcBdYh8IBbQvuUxby3OPfi9eB1NL/view?usp=sharing"
"title":"Deadpool 2","url":"https://drive.google.com/file/d/1tF1C-2tktolFSAJaLG0C2sE_2sGyH3YI/view"
"title":"Deadpool \u0026 Wolverine","fileId":"1B_eiKUt7N5OxyUN9c37LG0pxcErP4yJ6"
"title":"Into the Spider-Verse","url":"https://drive.google.com/file/d/1V3Bq0lrDQUxJay5DDs3gK69ZvRNb1j2u/view"
"title":"Across the Spider-Verse","fileId":"1Sd1l_LhKRp_2OE5gRJJyPubnZjJccLgQ"
"title":"Avengers: Endgame","url":"https://drive.google.com/file/d/1ehi9tidOYHb1RMldxtBw6-L3UhyEKVm9/view"
"title":"Avengers: Infinity War","url":"https://drive.google.com/file/d/1oKDbw6zCdSRKRbABn6nKf_4LGsA3ftwL/view"
"title":"Captain America: Civil War","fileId":"1zcOWY_OTVctnY1sHg1KRjhDVls_3ebWs"
"title":"Spider-Man: Homecoming","fileId":"1jGHx1i3EqHKmQmE42APmxUk4bYHrINQ_"
"title":"Spider-Man: Far From Home","url":"https://drive.google.com/file/d/1vPNUTkubVVmguVfwstRQm5xgbkRRii6z/view"
"title":"Spider-Man","url":"https://drive.google.com/file/d/1sqWGrmbGc5lBmoFbtfMSIaqb60eXppvF/view"
"title":"Spider-Man 3","fileId":"1ExTfRPC3YGmCSg8W2uFSYkUMw7a1vcTR"
"title":"Amazing Spider-Man","fileId":"1Xf8xZcY3kneGFln8NPsQMt7CLtmGhEeD"
"title":"X-Men","fileId":"1BIJIiG8fdpyudl-1vXHIU3TBb3XMXJaa"
"title":"X-Men: The Last Stand","fileId":"176dVR22sSEaJMY5TfITCW9TIC2fNYBMm"
"title":"Captain America-The Winter Soldier","url":"https://drive.google.com/file/d/1TanQJC8ws1tk_dyW05HzfNtaBgBxKPPx/view"
"title":"Shang Chi And the Legend of the Ten Rings","url":"https://drive.google.com/file/d/1xBiVuAnW0hFxIhG3samjzJJ-czMAKxN0/view"
"title":"X-Men Origins","url":"https://drive.google.com/file/d/0BxvqXivT-hg5d2VmZDdsNlBNUzQ/view?resourcekey=0-QWd9FlwAU9FUyU3Ejx_Cqw"
"title":"The Incredible Hulk","url":"https://drive.google.com/file/d/1Y-9NCqhkqoHjOWbPhbetChq4LB_zOrTF/view?usp=sharing"
"title":"Hulk","fileId":"17qA_yec9ehFKprmee5rbG5k_z-sUe9iw"
"title":"Fantastic Four First Steps","url":"https://drive.google.com/file/d/1RwaTM1sbgyVZU43JYct_L9vD1QWBzxbc/view"
"title":"Avengers: Age Of Ultron","fileId":"1kGvcnNTaFbsQY4ndeJT4CWtYkKHaTfGQ"
"title":"Captain America: Brave New World"},{"url":"https://drive.google.com/file/d/1iGY6cyipniuGrBtkHXdgJ0v4J9BohDF-/view"
"title":"Once Upon A Deadpool","fileId":"1iGY6cyipniuGrBtkHXdgJ0v4J9BohDF-"
"title":"Ghost Rider","url":"https://drive.google.com/file/d/1-QiYxJYgk4gw8fRHez7gUWMS6zE7vG-u/view"
"title":"Ghost Rider: Spirit of Vengeance","fileId":"1EeG9giZgHvJMjvC6SnmQPFW3gHpwmYXJ"
"title":"Thor Ragnarok","url":"https://drive.google.com/file/d/1RqAtiuHbEphQTki4GolLXncnpboseZmv/view"
"title":"Iron Man","fileId":"1hXLafjnc_ersgtAKJeU8QX4siWEtDmv9"
"title":"Iron Man 3","url":"https://drive.google.com/file/d/1I3cDTsDBihDYId6KuKS6ighOcJ5g6oyC/view"
"title":"Logan","fileId":"1jMvVFBK1o9TqaM_wDUoUOh6TTQcZEgir"
"title":"Guardians Of The Galaxy Vol 2","url":"https://drive.google.com/file/d/0B-uFeCO4yCFIZXNnLUg3cVdiU3M/view?t=2\u0026resourcekey=0-s1hwC6vvc_w-Q2CRrpP08g"
"title":"8 Mile","fileId":"13KF2oQ-b1WRvbjL0vMMAMlI0Vj8TYBuM"
"title":"The Brave Little Toaster","url":"https://drive.google.com/file/d/1qZxoOGQTxqwlJtOQbwN8jeyD_yVvX7yc/view"
"title":"La La Land"},{"url":"https://drive.google.com/file/d/1RaTeAwEbVx5vIbZYoJFnkxmywNzXgeez/view?usp=sharing"
"title":"She\u0027s the Man","fileId":"1RaTeAwEbVx5vIbZYoJFnkxmywNzXgeez"
"title":"The Longest Ride"},{"fileId":"1TxkN1_5xfop7wADsvZ2Vhelcj4PDPITU"
"title":"Edward Scissorhands","url":"https://drive.google.com/file/d/1Yzb_18G8DwgJD7hCrIXDypYsN7FBY_Dm/view?usp=sharing"
"title":"Forrest Gump","url":"https://drive.google.com/file/d/0B-uFeCO4yCFIa3hNRDc5eVlBSjQ/view?resourcekey=0-rOslYKb17fIDWtuiy8P2ag"
"title":"Back to the Future 2","url":"https://drive.google.com/file/d/1vmA2LTkSzbtUJve8TTy2UVkPAfHMtGwK/view"
"title":"Back To The Future","fileId":"1ZwP0FLdFdAoeskqGvQYX5CwqEeSFWS1G"
"title":"Back to the Future 3","url":"https://drive.google.com/file/d/16A4hzHFTcNduq6F-u4zQw7iTha5aEKD-/view"
"title":"Pacific Rim","url":"https://drive.google.com/file/d/1r4RH1aOMDp0_peZDHG8qEOk8BpI3Ii_T/view"
"title":"Dune Part 2","url":"https://drive.google.com/file/d/14VeNSqVtt5gcibZOfjPcjkBoasPrpiEG/view"
"title":"Interstellar","url":"https://drive.google.com/file/d/1gN9fZLbl_71ca4sQgSja_tdXoLJJz7OK/view"
"title":"Star Wars_ Episode II_ Attack of the Clones (2002)","url":"https://drive.google.com/file/d/1dyw7wSEk5PrCuZLuKnPOpCv8Zr644L7k/view"
"title":"Star Wars_ Episode IV - A New Hope (1977)","fileId":"1U2vGunCUb9VnDePnl_hpNWmOLx0s6hR1"
"title":"Star Wars_ Episode VI - Return of the Jedi (1983)","url":"https://drive.google.com/file/d/10zOziPk2MuAeTVNdHosl5LeQ8rXXuOxT/view"
"title":"Star Wars_ Episode VII - The Force Awakens (2015)","url":"https://drive.google.com/file/d/10xWe5ojdsyp_7z_3j9CGfGWmG8qL125z/view"
"title":"Star Wars_ Episode VIII - The Last Jedi (2017)"},{"url":"https://drive.google.com/file/d/1hYGK2Y6HP66EhWsbZDbArBRv0575E4-e/view"
"title":"Star Wars_ Episode X - The Rise of Skywalker (2019)"}],"url":"https://drive.google.com/drive/folders/1be2YvEDoMzKeSdXZ7Zk7AXedPP6S0HgU?usp=sharing"
"title":"Shin Godzilla","url":"https://drive.google.com/file/d/1VnID4qhUDF8EOWLQJ3Z1K-M0AwoOTlFt/view"
"title":"Brightburn","url":"https://drive.google.com/file/d/1j1cYjjEDqV8VcTJ3oSwaOeMHPglVd-um/view"
"title":"Bladerunner 2049","url":"https://drive.google.com/file/d/1Oeuoi3Sdk79O_tNAc4YA9DQXNoHGef4q/view?usp=sharing"
"title":"Borderlands","fileId":"1mSaUViOUH_k2ZnCHbx220iS0M9Go7zcx"
"title":"WorldSrc.com_RoboCop_2","fileId":"1ECJKpKwSs7MXPBUUEGj5lGDt-geyQ33S"
"title":"WorldSrc.com_RoboCop","url":"https://drive.google.com/file/d/1HCySTCtlty5OAfHPgCh5JFzD1nP6wamo/view"
"title":"TRON.Legacy.2010.NaijaPrey.TV","fileId":"1zq0_s1rj1w70I7UfKhK2dYPi_aEcTa2R"
"title":"Tron"}],"folderId":"1kQ6WnH9MJ0ptH6WBUe-JTU7rpzvs2oHc"
"title":"The Martian","url":"https://drive.google.com/file/d/1skyi9UsMN6f9LT-oeSxfQUH3slzvRpGY/view?usp=sharing"
"title":"Inception","url":"https://drive.google.com/file/d/1HvRyI7JG8Iyg7FcPOpwQ7Cr6gcYKnBYb/view?usp=sharing"
"title":"The Matrix","fileId":"1ybILsGQrvOJe4innHcAyb8Jq3t5wZL1H"
"title":"Terminator 4_ Salvation (2009)","fileId":"1bwJdVfNz2UxLq0iGMEC1aLYo8aOW_Qlz"
"title":"WorldSrc.com_Terminator_3__Rise_of_the_Machines","fileId":"1znOu-sQH0KTHY3pJ9xkwAJxdv4OaGVN1"
"title":"WorldSrc.com_Terminator_Genisys","url":"https://drive.google.com/file/d/1Mk_y-8kU5W4EvPdOzzwZYmsaSUur7WcT/view"
"title":"WorldSrc.com_The_Terminator","fileId":"1TCMa8ozPWxYh4JriigT3qssWd5pkFFad"
"title":"Terminator 2: Judgment Day","url":"https://drive.google.com/file/d/1fFbKvvLH1v0hjlIth55fd_B3ghZHssnH/view"
"title":"Terminator 3: Rise Of The Machines","url":"https://drive.google.com/file/d/1UQPoYNluQz5OD7nU4_caVHwmhR7oQwOt/view"
"title":"Terminator: Salvation","url":"https://drive.google.com/file/d/1ZtJf-POLXqBIj1bA9BiP_R7ycHBmLAf1/view"
"title":"The Gorge","fileId":"1_uEz11OaT8lyL0DBK12xs86ESNlG2N9c"
"title":"Zathura - A Space Adventure","url":"https://drive.google.com/file/d/1LQOu6CFQjbRaqLIm1ew3r0FuvgxTjJxS/view?usp=sharing"
"title":"Gamera (1965)","url":"https://drive.google.com/file/d/15v3Kh2BQ0S4oxK-g61t9EPZjekPwVAFB/view?usp=drive_open"
"title":"Gamera Vs Barugon"},{"url":"https://drive.google.com/file/d/17UojfqIFcbaR6qChL-pEYY9emvmy8v-F/view"
"title":"Gamera Vs Gyaos","fileId":"17UojfqIFcbaR6qChL-pEYY9emvmy8v-F"
"title":"Gamera Vs Guiron","url":"https://drive.google.com/file/d/1LvcI3vqoQrBcglqV749FjyOGF5RuaU0f/view"
"title":"Gamera Vs Zigra","fileId":"1M3y8XWS7w4wriaglN4ekWishj8sQXdDQ"
"title":"Godzilla Vs Kong","fileId":"1emaZNk8shYA98Sq_K0x_iVT78_coOByR"
"title":"King Kong","url":"https://drive.google.com/file/d/1LcYAt16sR943XbfGdI25qLp5u6y4tHeY/view?usp=drive_open\u0026t=0.447"
"title":"Creed_1_(2015)_NaijaPrey.com","fileId":"1rDS4XAwtcqKYI4ytDhoIfeGpLmRZqcpB"
"title":"Creed","url":"https://drive.google.com/drive/folders/192uaQce1mAyDc_Yvjb4iU8U-YMnkdiHH?usp=sharing"
"title":"Ford V Ferrari","fileId":"1NPB0oCsIuiPAc471b_XOGDnchbCZ72yh"
"title":"Space Jam","url":"https://drive.google.com/file/d/1QK9RHd2T-ijthIL7A6NQvRztPkTx8NtN/view"
"title":"The Underdoggs"},{"fileId":"1Tim3Skb1JDh7qBYPjg-BhWs6k0w_dV87"
"title":"Gran Turismo"},{"url":"https://drive.google.com/file/d/18SlkpV9gnq9lSushDYwmmy8v0zYgb5z6/view?t=0.99"
"title":"F1","fileId":"18SlkpV9gnq9lSushDYwmmy8v0zYgb5z6"
"title":"Donnie Darko","fileId":"1sZgK8n8nYfcLa-gY7McIo5WLlkIOdvcU"
"title":"Get Out","fileId":"1fOdR62YsPPiA4VdH0SfC2E629ARSrD4y"
"title":"Twisters","url":"https://drive.google.com/file/d/12UeDOq7tCcbfvEo_EtzkL3Gxho45UOl4/view"
"title":"I Saw the Devil","url":"https://drive.google.com/file/d/1ll1wEmW0kL2EXEcGd_MBVWqNvibrz7Ay/view?usp=sharing"
"title":"Prisoners","url":"https://drive.google.com/file/d/1UemX3l6FNFo4tDrRwOv11Pt1slgzlWgU/view?usp=sharing"
"title":"Jaws","url":"https://drive.google.com/file/d/1ys7CQlyywTD5YlMeCpfp0ThltWcMH99E/view"
"title":"The Menu","url":"https://drive.google.com/file/d/14Audx3RqZPMTyLzErPzkKuCQPVWhTC0y/view"
"title":"The Long Walk","url":"https://drive.google.com/file/d/1bXptZhvoZ1d-PlVjKtB-HQK0dP8fI1l2/view?usp=sharing"
"title":"Eyes Wide Shut","url":"https://drive.google.com/file/d/1lohoWa_YizEwSZkblDBbA-6xftOCNbSa/view?t=1"
"title":"Jarhead","url":"https://drive.google.com/file/d/1FaIwQ-gZlpgXtOWx5394jQwu3yMEU2Xs/view?usp=drive_link"
"title":"Dunkirk","url":"https://drive.google.com/file/d/1Jym1ltZvU-koQhCMlV4VftbLjMeC4-K6/view?usp=sharing"
"title":"Napoleon","url":"https://drive.google.com/file/d/1wBXYvvXlGsI7g6h-cMMZQ1YhoJ4SxHpl/view"
"title":"Brothers","fileId":"1hCulVcGnorqZX-N1J_UNkZOhDLM-p5PP"
"title":"Come and See"},{"url":"https://drive.google.com/file/d/1U7p0y_fcPCYWOWX8WQ8hswerzu1Eks4K/view?t=1"
"title":"Saving Private Ryan","fileId":"1U7p0y_fcPCYWOWX8WQ8hswerzu1Eks4K"
"title":"The Simpsons","url":"https://drive.google.com/drive/folders/1tXo2krTMvXr-ATSqthy55PUpRRIu1HRr"
"title":"Loki","url":"https://drive.google.com/drive/folders/1pNGfLiw-S8ICCE42c-p6IUnUnb63GMvh"
"title":"Berserk","url":"https://drive.google.com/drive/folders/1SRNlqbl_NkMkvWKRtPZUCbAvSRARqnQB?usp=sharing"
"title":"Monster","url":"https://drive.google.com/drive/folders/1B8PuNaiBa0d5VXEGW0OsgnnH0QzWkdCa"
"title":"The Last Of Us","url":"https://drive.google.com/drive/folders/12hjbl3XZmVF1WFsjWuiCMJ9USmenFV3L"
"title":"My Hero Academia","url":"https://drive.google.com/drive/folders/1Ty8TRLsEhVwDR0mMXe9bvZw2Mjgqbfr7"
"title":"TMNT","url":"https://drive.google.com/drive/folders/1Nb17fir8Loz7Zx9gkrlAGXvE7uAzi7TG"
"title":"8-Hour Compilation","fileId":"15JHYVRFVvVvMz4xZdknEkcQPHULoWPGk"
"title":"Beetlejuice 1988 Kill Count"},{"fileId":"1WOH41ZGO3Htk6Uu_HTJkAuI4qQBMLif3"
"title":"Scream 6 Kill Count","fileId":"1gnaDNoUrnfe_lDTWzKLfDDOIsNQ9J4Xl"
"title":"Yeezus","url":"https://drive.google.com/drive/folders/1fxpI5f6vHsW1EkH5m3CBJIIlRDy_6MbN"
"title":"The Off-Season","url":"https://drive.google.com/drive/folders/11PMKjmTkefe_M3R7EIpDtsZtBEtniSjL"
"title":"Untitled 08","url":"https://drive.google.com/file/d/1KqmpUITd8H0ZbKnDp9cSlRdtvYdvUSHW/view?usp=sharing"
"title":"UltraKill","url":"https://drive.google.com/drive/folders/1m250NHKUN33Qakz-L-imxuP4jXNTb8Lf"
"title":"Cherry Bomb","url":"https://drive.google.com/drive/folders/15tbYsgnxPfKJsmQHzx0cWuxPxnamx-EB"
"title":"? (Deluxe)","url":"https://drive.google.com/drive/folders/1fKTBZd9uEaSUYUYmK1WPDC1ZRoxLLD1W"
