-3|Browser Classics
-b|Browser Classics
1 On 1 Soccer|Sports
1 On 1 Tennis|Sports
10 Bullets|Shooter
10 Minutes Till Dawn|Shooter
10-103 Null Kevin|Horror
10-Yard Fight|Sports
100 Rooms Of Enemies|Horror
100 in 1|Party
12 Mini Battles|Party
1942|Shooter
1v1.lol|Shooter
1|Browser Classics
2-3-4 Player Games|Party
20 Small Mazes|Puzzle
2048 Cupcakes|Puzzle
2048|Puzzle
2D Shooting|Shooter
2Doom|Shooter
3 Pandas Brazil|Puzzle
3 Pandas Fantasy|Puzzle
3 Pandas Japan|Puzzle
3 Pandas Night|Puzzle
3 Pandas|Puzzle
3 Slices 2|Puzzle
3D Pinball Space Cadet|Retro Arcade
3Dash Editor|Platformer
3Dash|Platformer
40xescape|Puzzle
4th And Goal|Sports
500 Caliber Contractz|Shooter
60 Seconds Burger Run|Platformer
60 Seconds Santa Run|Platformer
8 Ball Classic|Sports
8 Ball Pool|Sports
9007199254740992|Puzzle
99 Balls|Puzzle
99 Nights In The Forest|Horror
A Dance of Fire and Ice|Browser Classics
A Dark Room|Browser Classics
A Date With Death|Browser Classics
A Day In The Office|Browser Classics
A Koopa’s Revenge 2|Flash Classics
A Koopa’s Revenge|Flash Classics
A Small World Cup|Browser Classics
A Walk In The Forest (V 10)|Adventure
Abandoned 3|Flash Classics
Abandoned|Flash Classics
Absolute Madness|Action
Ace Attorney: Investigations -  Miles Edgeworth|Adventure
Ace Combat 2|Action
Ace Combat 3|Action
Ace Gangster Taxi|Flash Classics
Achievement Unlocked 2|Flash Classics
Achievement Unlocked 3|Flash Classics
Achievement Unlocked|Flash Classics
Achilles 2|Action
Achilles|Action
Advance Wars 2|Strategy
Advance Wars Dual Strike|Strategy
Advance Wars|Strategy
Advent Neon|Browser Classics
Adventure Capitalist|Browser Classics
Adventure|Adventure
Agar.io Lite|Browser Classics
Age of War 2|Strategy
Age of War|Strategy
Ages Of Empire|Strategy
Ages of Conflict|Sports
Ahoy Survival|Browser Classics
Airline Tycoon Idle|Simulation
Akumanor Gaiden|Platformer
Aladdin|Platformer
Alex Kidd in Miracle World|Platformer
Alex Kidd in the Enchanted Castle|Platformer
Alien Hominid|Platformer
Alien Sky Invasion|Browser Classics
Alien Transporter|Flash Classics
Alien vs. Predator|Shooter
All night nippon super mario bros|Sports
Allocation|Browser Classics
Also Geometry Dash Wave|Browser Classics
Also Steal A Brainrot|Browser Classics
Also Tag|Browser Classics
Alt Snow Rider|Racing
Altered Beast|Fighting
Amazing Strange Rope Police|Browser Classics
Ambulance Rush|Racing
Amidst The Sky|Browser Classics
Amigo Pancho 2|Flash Classics
Amigo Pancho 3|Flash Classics
Amigo Pancho 4|Flash Classics
Amigo Pancho 5|Flash Classics
Amigo Pancho 6|Flash Classics
Amigo Pancho 7|Flash Classics
Amigo Pancho|Flash Classics
Among Us|Browser Classics
Amorphous +|Browser Classics
An Ordinary Sonic rom Hack (sonic.exe)|Horror
Ancient Sins|Browser Classics
Angry Birds 2|Browser Classics
Angry Birds Online|Browser Classics
Angry Birds Showdown|Browser Classics
Angry Birds Slingshot Frenzy|Browser Classics
Angry Birds Space|Flash Classics
Angry Birds|Browser Classics
Animal Crossing (GAME CUBE PORT)|Simulation
Animal Crossing-Wild World|Simulation
Animal Forest|Simulation
Animator Vs Animation Game (Special Edition)|Flash Classics
Another Steal a Brainrot|Browser Classics
Another World|Adventure
Ant Art Tycoon|Simulation
Antimatter Dimensions|Browser Classics
Apes vs. Helium|Browser Classics
Apotris|Puzzle
Apple Shooter|Shooter
Apple Worm|Puzzle
Aquapark.io|Browser Classics
Arcade Volley|Retro Arcade
Archery World Tour|Browser Classics
Archimedes Client|Browser Classics
Armor Mayhem 2|Shooter
Arsonate|Browser Classics
Arthur’s Nightmare|Browser Classics
As Duty Demands|Browser Classics
Ascent|Browser Classics
Assessment Examination|Browser Classics
Asteroids|Retro Arcade
Astra Client|Browser Classics
Avalanche|Platformer
Aviamasters|Browser Classics
Awesome Pirates|Flash Classics
Awesome Planes|Shooter
Awesome Tanks 2|Shooter
Awesome Tanks|Shooter
Axis Football League|Sports
Ayuncraft|Browser Classics
B3313 Unabandoned A2|Sandbox
B3313|Sandbox
BAS|Browser Classics
BERGENTRUCK 201x|Racing
BFDI Branches|Browser Classics
BFDIA 5b|Browser Classics
BTD1|Tower Defense
BTD2|Tower Defense
BTD3|Tower Defense
BTD4|Tower Defense
BTD5|Tower Defense
BTD6 (scratch)|Tower Defense
Babel Tower|Browser Classics
Baby Chicco Adventure|Browser Classics
Baby Kaizo World|Platformer
Baby Sniper In Vietnam|Browser Classics
Backrooms 2D|Browser Classics
Backrooms|Browser Classics
Backyard Baseball ‘09|Sports
Backyard Baseball ‘10|Sports
Backyard Baseball|Sports
Backyard Football|Sports
Backyard Soccer|Sports
Bacon May Die|Browser Classics
Bad Bodyguards|Browser Classics
Bad Ice Cream 2|Puzzle
Bad Ice Cream 3|Puzzle
Bad Ice Cream|Puzzle
Bad Monday Simulator|Browser Classics
Bad Parenting|Browser Classics
Bad Piggies (LATEST)|Browser Classics
Bad Piggies 2018|Flash Classics
Bad Piggies|Flash Classics
Bad Time Simulator|Browser Classics
Baldi’s Basics Remastered|Horror
Baldi’s Basics|Horror
Baldi’s Fun New School Ultimate|Horror
Ball Blast|Browser Classics
BallZ|Browser Classics
Ballistic|Browser Classics
Balloon Fight|Retro Arcade
Balls And Bricks|Browser Classics
Banana Simulator|Browser Classics
Bandit Gunslingers|Shooter
Banjo-Kazooie|Adventure
Banjo-Tooie|Adventure
Bank Robbery 1|Browser Classics
Bank Robbery 2|Browser Classics
Barry Has a Secret|Browser Classics
Bart Blast (made by Epick)|Browser Classics
Baseball Bros|Sports
Baseball|Sports
Bash the Computer|Flash Classics
Basket Battle|Browser Classics
Basket Bros|Browser Classics
Basket Random|Browser Classics
Basket Slam Dunk 2|Browser Classics
Basketball FRVR|Sports
Basketball Legends 2020|Sports
Basketball Legends|Sports
Basketball Stars|Sports
Basketball Superstars|Sports
Batter Up|Browser Classics
Battle Karts|Browser Classics
Battle Simulator|Browser Classics
Battles|Browser Classics
Battlezone|Shooter
Beach Boxing Simulator|Sports
Beamrider|Retro Arcade
Bearbarians|Fighting
Bearsus|Browser Classics
Bejeweled Twist|Puzzle
Ben 10 - Alien Force|Action
Ben 10 - Galactic Racing|Racing
Ben 10 - Omniverse|Action
Ben 10 - Protector of Earth|Horror
Ben 10 - Ultimate Alien|Action
Bendy and the Ink Machine|Webports
Better Tunnel Rush|Browser Classics
Big Flappy Tower Tiny Square|Browser Classics
Big Ice Tower Tiny Square|Browser Classics
Big Neon Tower Tiny Square|Browser Classics
Big Shot Boxing|Sports
Big Time Butter Baron|Puzzle
Big Tower Tiny Square 2|Browser Classics
Big Tower Tiny Square|Browser Classics
Binding of Isaac - Wrath of the Lamb Eternal Edition|Flash Classics
Binding of Isaac Demo|Flash Classics
Binding of Isaac Wrath of The Lamb|Flash Classics
Bio Evil 4|Browser Classics
Bit Burner|Browser Classics
Bit Planes|Browser Classics
Bitlife|Browser Classics
Black Knight|Action
Blacksmith Lab|Simulation
Blastronaut|Browser Classics
Blaze Drifter|Browser Classics
Bleach vs. Naruto|Fighting
Blightborne|Browser Classics
Blob’s Story 2|Flash Classics
Block Blast 2|Browser Classics
Block Blast|Browser Classics
Block the Pig|Browser Classics
Blockpost|Browser Classics
Blocky Demolition Derby|Browser Classics
Blocky Snakes|Browser Classics
Blood Tournament|Browser Classics
Bloons 2|Flash Classics
Bloons Player Pack 1|Flash Classics
Bloons Player Pack 2|Flash Classics
Bloons Player Pack 3|Flash Classics
Bloons Player Pack 4|Flash Classics
Bloons|Flash Classics
Bloxorz|Puzzle
Blumgi Racers|Racing
Blumgi Rocket|Browser Classics
Bob the Robber 2|Browser Classics
Bob the Robber 5|Browser Classics
Bob the Robber|Flash Classics
Boba Simulator|Browser Classics
Bomberman 2|Platformer
Bomberman Hero|Platformer
Bomberman World|Platformer
Bomberman|Platformer
Bonanza Bros|Action
Bonkers|Platformer
Boom Slingers|Browser Classics
Bottle Cracks|Browser Classics
Bounce Back|Browser Classics
Bouncemasters|Browser Classics
Bouncy Basketball|Sports
Bouncy Motors|Racing
Bounty of One|Browser Classics
Bowmasters|Browser Classics
Boxhead 2play Rooms|Shooter
Boxhead Nightmare|Shooter
Boxing Live 2|Sports
Boxing Random|Sports
Brawl Simulator 3D|Browser Classics
Brawl Stars (REMAKE)|Browser Classics
Breadskate Forever|Browser Classics
Breath of the Wild DS|Adventure
Bridge Race|Racing
Brotato|Browser Classics
Bubble Shooter Pirate|Puzzle
Bubble Shooter|Puzzle
Bubble Tanks 2|Shooter
Bubble Tanks 3|Shooter
Bubble Tanks Arenas|Shooter
Bubble Tanks Tower Defense|Shooter
Bubble Tanks|Shooter
Bubsy 2|Platformer
Bubsy|Platformer
Buck Bumble|Action
BuildNow.GGnowgg.html|Browser Classics
BuildNow.GG|Browser Classics
Bunnyland|Browser Classics
Burger and Frights|Browser Classics
BurgerTime|Retro Arcade
Burrito Bison Launcha Libre|Action
Burrito Bison Revenge|Action
Burrito Bison|Action
Bushido Blade|Fighting
Buster Jam|Browser Classics
C.S 1.6|Browser Classics
CTGP Nitro|Racing
Cactus Mccoy 2|Platformer
Cactus Mccoy|Platformer
Call of Battle|Browser Classics
Call of Duty - Black Ops|Shooter
Call of Duty - Modern Warfare - Mobilized|Shooter
Call of Duty - World at War|Shooter
Call of Duty 4 - Modern Warfare|Shooter
Candy Box 1|Browser Classics
Cannon Balls 3D|Sports
Cannon Fodder|Shooter
Captain Lang|Platformer
CaptchaWare|Browser Classics
Capuchin|Platformer
Car Crash 3|Platformer
Car Drawing|Racing
Car Eats Car 2 Deluxe|Racing
Car King Arena|Racing
Carnival Games|Party
Cartoon Network Table Tennis Ultimate Tournament|Sports
Castaway|Flash Classics
Castle Wars Modern|Browser Classics
Castlevania - Bloodlines|Platformer
Castlevania - Circle of the Moon|Platformer
Castlevania - Harmony of Dissonance|Platformer
Castlevania - Symphony of the Night|Platformer
Castlevania 2|Platformer
Castlevania 3|Platformer
Castlevania Dawn of Sorrow|Platformer
Castlevania Order of Ecclesia|Platformer
Castlevania Portrait of Ruin|Platformer
Castlevania: Aria of Sorrow|Platformer
Castlevania|Platformer
Cat Mario|Platformer
Cats Love Cake 2|Browser Classics
Cave Crawler|Browser Classics
Cave Story|Browser Classics
Celeste 2|Platformer
Celeste Mario DX|Platformer
Celeste Pico|Platformer
Celia’s Stupid ROM Hack|RPG
Cell Machine|Browser Classics
Cell to Singularity|Browser Classics
Cellar Door|Flash Classics
Centipede|Retro Arcade
Champion Island|Simulation
Chaos Faction 2|Browser Classics
Cheese Chompers 3D|Browser Classics
Cheese Is The Reason|Browser Classics
Cheese Rolling|Browser Classics
Cheshire In a Chatroom|Browser Classics
Chibi Knight|Flash Classics
Chicken Scream|Browser Classics
ChickenCS|Browser Classics
Chickenwar|Browser Classics
Chip’s Challenge|Puzzle
Choppy Orc|Browser Classics
Choro Q Wonderful|Racing
Chrono Trigger|RPG
Chuzzle|Puzzle
CircloO 2|Browser Classics
Civiballs 2|Physics
Civiballs|Physics
Clash N Slash|Shooter
Clash Of Vikings|Browser Classics
Class of ‘09|RPG
Cleanup.io|Browser Classics
Clear Vision 2|Shooter
Clear Vision 3|Shooter
Clear Vision 4|Shooter
Clear Vision 5|Shooter
Clear Vision|Shooter
Clu Clu Land|Puzzle
Clubby The Seal|Action
Cluster Rush|Browser Classics
Coal LLC|Browser Classics
Codename Gordon|Shooter
CoderCraft|Shooter
Coffee Maker|Browser Classics
Cold Front|Browser Classics
Cold Pines|Browser Classics
Colin Mcrae Rally|Racing
Colorbox Mustard|Browser Classics
Combo Pool|Sports
Command and Conquer Red Alert|Browser Classics
Command and Conquer Tiberian Dawn|Browser Classics
Commander Keen 4|Platformer
Commander Keen 5|Platformer
Commander Keen 6|Platformer
Contra Force|Shooter
Contra III The Alien Wars|Shooter
Contra|Shooter
Cooking Mama 2|Simulation
Cooking Mama 3|Simulation
Cooking Mama|Simulation
Core Ball|Browser Classics
Cory In The House|Adventure
Count Masters: Stickman Games|Browser Classics
Counter Strike DS|Action
Cover Orange 2|Puzzle
Cover Orange Journey Gangsters|Puzzle
Cover Orange Journey Knights|Puzzle
Cover Orange Journey Pirates|Puzzle
Cover Orange Journey Space|Puzzle
Cover Orange Players Pack 2|Puzzle
Cover Orange Players Pack 3|Puzzle
Cover Orange Players Pack|Puzzle
Cover Orange|Puzzle
Crank It!|Browser Classics
Crash Bandicoot 2 - Cortex Strikes Back|Platformer
Crash Bandicoot 3 - Warped|Platformer
Crash Bandicoot|Platformer
Crash Bash|Party
Crash Team Racing|Racing
Crazy Cars|Racing
Crazy Cattle 3D|Browser Classics
Crazy Chicken 3D|Browser Classics
Crazy Climber|Retro Arcade
Crazy Crash Landing|Browser Classics
Crazy Frog Racer|Racing
Crazy Motorcycle|Racing
Crazy Penguin Catapult|Physics
Crazy Plane Landing|Browser Classics
Crazy Taxi - Catch a Ride|Racing
Creeper World 2|Strategy
Creepy Night Funkin|Browser Classics
Crunchball 3000|Sports
Crystal Castles|Retro Arcade
Cuphead|Webports
Curse of the Lich King|Browser Classics
Curve Ball|Sports
Customer Support|Browser Classics
Cut the Rope|Physics
Cyberbung Racing|Racing
DTA 6|Browser Classics
DUD|Browser Classics
Dad n Me|Action
Dadgame|Action
Dadish|Browser Classics
Dan the Man|Browser Classics
Danganronpa 64|RPG
Dank Tomb|Browser Classics
Darkwing Duck|Platformer
Dash Arena|Browser Classics
Dash Party|Browser Classics
Dashmetry|Browser Classics
Date With Iraq|Browser Classics
De Blob 2|Action
Dead Estate|Browser Classics
Dead Frontier Outbreak 2|Flash Classics
Dead Frontier Outbreak|Flash Classics
Dead Seat|Horror
Dead Zed 2|Shooter
Dead Zed|Shooter
Deadly Descent|Browser Classics
Death Chase|Browser Classics
Death Run|Browser Classics
Decision 2|Flash Classics
Decision 3|Flash Classics
Decision Medieval|Flash Classics
Decision|Flash Classics
Deeper Sleep|Flash Classics
Deepest Sword|Browser Classics
Defend Your Castle|Tower Defense
Defend Your Nuts 2|Tower Defense
Defend Your Nuts|Tower Defense
Defender|Shooter
Deltarune: A Different Snowgrave|Browser Classics
Deltarune|Browser Classics
Deltatraveler|RPG
Dementium - The Ward|Horror
Demolition Derby Crash Racing|Racing
Demon Blade|Action
Demon Bluff|Browser Classics
Diablo|RPG
Diamond Hollow 2|Platformer
Diamond Hollow|Platformer
Diddy Kong Racing|Racing
Die in the Dungeon|Browser Classics
Dig Dug 2|Puzzle
Dig Dug|Puzzle
Dig out of Prison|Browser Classics
Dig to China|Flash Classics
Dimensional Incident|Browser Classics
Dino Run - Enter Planet D|Platformer
Dino Run - Marathon of Doom|Shooter
Dino Run|Platformer
Dire Decks|Browser Classics
Doblox|Browser Classics
Dodecadragons|Browser Classics
Doge Miner 2|Browser Classics
Doge Miner|Browser Classics
Doki Doki Literature Club 64|Horror
Doki Doki Literature Club|Browser Classics
Dome Romantik|Browser Classics
Donkey Kong 3|Retro Arcade
Donkey Kong 94|Retro Arcade
Donkey Kong Collection|Retro Arcade
Donkey Kong Country 1 Competition|Retro Arcade
Donkey Kong Country 2|Retro Arcade
Donkey Kong Country 3|Retro Arcade
Donkey Kong Country|Retro Arcade
Donkey Kong Jr|Retro Arcade
Donkey Kong|Retro Arcade
Donkey kong 64|Retro Arcade
Doodle Jump|Platformer
Doom 2D|Shooter
Doom 2|Shooter
Doom 64|Shooter
Doom But It’s Half Life 2|Shooter
Doom Emscripten|Shooter
Doom Triple Pack|Shooter
Doom(alt link)|Shooter
Doom: cldoomps.html ()|Shooter
Doomori|Shooter
Doomz.io|Shooter
Doom|Shooter
Doors Castle|Browser Classics
Double Barrel Sniper|Browser Classics
Double Dribble|Sports
Douchebag Life|Simulation
Douchebag Workout 2|Flash Classics
Dr. Mario|Puzzle
Dr. Weed Gaster|Browser Classics
Dragon Ball Advanced Adventure|Sports
Dragon Ball GT- Transformation|Sports
Dragon Ball Origins 2|Sports
Dragon Ball Origins|Sports
Dragon Ball Z - Attack Of the Saiyans|Sports
Dragon Ball Z - Devolution|Sports
Dragon Ball Z - Supersonic Warriors 2|Sports
Dragon Ball Z - Supersonic Warriors|Sports
Dragon Ball Z - The Legacy of Goku 1/2|Sports
Dragon Ball Z - the Legacy of Goku|Sports
Dragon Quest IX|RPG
Dragon Quest V|RPG
Dragon Warrior Monsters|RPG
Draw Climber|Browser Classics
Draw the Line|Physics
Dreader|Browser Classics
Dreadhead Parkour|Browser Classics
Drift Boss|Browser Classics
Drift Hunters|Browser Classics
Drift Simulator|Browser Classics
Drive In Russia|Browser Classics
Drive Mad|Browser Classics
Driven Wild|Browser Classics
Duck Life 2|Simulation
Duck Life 3|Simulation
Duck Life 4|Simulation
Duck Life 5|Simulation
Duck Life Battle|Simulation
Duck Life Space|Simulation
Duck Life|Simulation
Duck hunt|Shooter
Ducklings.io|Browser Classics
Ducktales 2|Platformer
Ducktales|Platformer
Duke Nukem 2|Browser Classics
Duke Nukem 3D|Browser Classics
Dumb Ways to Die|Browser Classics
Dumpling|Flash Classics
Dune Buggy|Racing
Dune Dash|Browser Classics
Dungeon Deck|Browser Classics
Dungeon Raid|Browser Classics
Dungeons And Degenerate Gamblers Debug|Browser Classics
Dungeons And Degenerate Gamblers|Browser Classics
Dunk Shot|Browser Classics
Dusk Child|Browser Classics
Dying Dreams|Browser Classics
Dynamite Headdy|Platformer
EB Client|Browser Classics
Eagle Ride|Sandbox
Eagler Forge(mods)|Sandbox
EaglerCraft Odd Future|Sandbox
Eaglercraft Lite|Sandbox
Eaglercraft Nebula|Sandbox
Eaglercraft Shadow|Sandbox
Eaglercraft Ultimate|Sandbox
Eaglercraft Winston Horror|Sandbox
Eaglercraftmagic|Sandbox
Eaglercraftsky|Sandbox
Eaglercrafttech|Sandbox
Earn to Die 2|Racing
Earn to Die|Racing
Earth Taken 2|Shooter
Earth Taken 3|Shooter
Earth Taken|Shooter
Earthbound 3|RPG
Earthbound Beginnings|RPG
Earthbound|RPG
Earthworm Jim 2|Platformer
Earthworm Jim|Platformer
Edelweiss|Browser Classics
Edy’s Car Simulator|Racing
Effing Hail|Browser Classics
Effing Machines|Action
Effing Worms|Action
Effing Zombies|Shooter
Eggy Car|Racing
Egg|Browser Classics
Elastic Face|Browser Classics
Electricman 2|Fighting
Elevator Action|Retro Arcade
Elytra Flight|Browser Classics
Enchain|Browser Classics
Endacopia|Browser Classics
Endless War 4|Strategy
Endless War 5|Strategy
Endless War 7|Strategy
Enduro|Racing
Epic Battle Fantasy 5|Flash Classics
Escalating Duel|Browser Classics
Escape Road 2|Puzzle
Escape Road 3|Puzzle
Escape Road City 2|Puzzle
Escape Road|Puzzle
Escape School Duel|Puzzle
Etrian Odyssey|RPG
Eugene’s Life|Browser Classics
Euroaural Song Contest 2D|Browser Classics
Evil Glitch|Browser Classics
Evolution-dino Dudes|Platformer
Evolution|Browser Classics
Excitebike 64|Racing
Excitebike|Racing
Exit Path|Puzzle
Exoplanet Observation|Browser Classics
Explore Modpack|Browser Classics
Extreme Run 3D|Browser Classics
F-Zero 2|Racing
F-zero X|Racing
F-zero|Racing
FIFA 07|Sports
FIFA 10|Sports
FIFA 11|Sports
FIFA 2000: clfifa2000.html|Sports
FIFA 2000|Sports
FIFA 99|Sports
FIFA International Soccer|Sports
FIFA Road To World Cup 98|Sports
FIFA Soccer 06|Sports
FIFA Soccer 95|Sports
FIFA Soccer 96|Sports
FIFA Soccer 97|Sports
FIFA Street 2|Sports
FIFA World Cup 98|Sports
FNAF 2|Horror
FNAF 3 Remastered|Horror
FNAF 3|Horror
FNAF 4 Halloween|Horror
FNAF 4|Horror
FNAF Pizzeria Simulator|Horror
FNAF Shooter|Horror
FNAF Sister Location|Horror
FNAF Ultimate Custom Night|Horror
FNAF|Horror
FNF - Baddies Nightmare|Rhythm
FNF - Ben Drowned|Rhythm
FNF - Blourple Guy (Ourple Guy B-Sides)|Rhythm
FNF - Cartoon Frenzy|Rhythm
FNF - Claymore|Rhythm
FNF - Clover Cave In|Rhythm
FNF - Confronting Yourself FF Mix|Rhythm
FNF - Creepy internet Stories|Rhythm
FNF - CreepyPasta but Everyone Sings it|Rhythm
FNF - Crimson Madness|Rhythm
FNF - Cycles Encore|Rhythm
FNF - Dead Air|Rhythm
FNF - Eteled System Overload|Rhythm
FNF - HD|Rhythm
FNF - Impostor B3 Remixed|Rhythm
FNF - Impostor Expansion|Rhythm
FNF - Impostor Getaway|Rhythm
FNF - Impostor Tainted Fate|Rhythm
FNF - Impostor White Parasite|Rhythm
FNF - Insanity Psychosis Remake|Rhythm
FNF - Lime Impostor|Sports
FNF - Matt Voiid Sides|Rhythm
FNF - Minus Eteled|Rhythm
FNF - Mungus Madness|Rhythm
FNF - Outnumbered|Rhythm
FNF - Parasite Origins - Blackness|Rhythm
FNF - Pastel Impostor|Rhythm
FNF - QT Rewired|Rhythm
FNF - Secret Histories|Rhythm
FNF - Seeks Cool Deltarune|Rhythm
FNF - Sonic Mega CD|Rhythm
FNF - Steve Universe Mini Mod Pack|Rhythm
FNF - Sunday Night Suicide v2|Rhythm
FNF - The Walten Files Mod|Rhythm
FNF - Unknown Suffering - Awe And Saster Remix|Rhythm
FNF - Unknown Suffering Reanimated|Rhythm
FNF - Vloo Guy (Ourple Guy D-Sides)|Rhythm
FNF After The Week|Rhythm
FNF Antipathy|Rhythm
FNF Family Guy Corrupted|Rhythm
FNF Freakpostor [Vs. Cartoon Cat]|Rhythm
FNF Funkin For Hire Dorkly Sonic|Rhythm
FNF Jurassic Park Breakout|Rhythm
FNF Mami|Rhythm
FNF Rhythmic Revolution|Rhythm
FNF Too Slow – Fran Mix|Rhythm
FNF VS Bunzo Bunny|Rhythm
FNF VS Camellia|Rhythm
FNF Vs. Bambi: Strident Crisis|Rhythm
FNF vs RetroSpecter|Rhythm
FNF vs Riddler|Rhythm
FNF: Classified.html|Rhythm
FNF: DustTale Remastered v2.0|Rhythm
FNF: Late Night City Tales|Sports
Factory Balls 2|Puzzle
Factory Balls 3|Puzzle
Factory Balls 4|Puzzle
Factory Balls|Puzzle
Fairy Tale vs. One Piece|Fighting
Fall Guys|Browser Classics
Famidash 1.2.8 Album|Rhythm
Famidash 1.2.8 B-Sides|Rhythm
Famidash 1.2.8 C-Sides|Rhythm
Famidash 1.2.8 D-Sides|Rhythm
Famidash 1.2.8 E-Sides|Rhythm
Famidash 1.2.8|Rhythm
Famidash 2 Alpha|Rhythm
Famidash Album 128|Rhythm
Fancy Pants Adventure - World 3|Platformer
Fancy Pants Adventure 2|Platformer
Fancy Pants Adventure 4 Part 1|Platformer
Fancy Pants Adventure 4 Part 2|Platformer
Fancy Pants Adventure|Platformer
Fancy Snowboarding|Sports
Fantasy Zone|Retro Arcade
Fashion Battle|Sports
Fatty Genius|Flash Classics
Fear Assessment (DEMO)|Horror
Fears to Fathom: Home Alone|Horror
Feed The Void|Browser Classics
Feed Us 2|Action
Feed Us 3|Action
Feed Us 4|Action
Feed Us 5|Action
Final Earth 2|Browser Classics
Final Fantasy 2|RPG
Final Fantasy 3|RPG
Final Fantasy III|RPG
Final Fantasy II|RPG
Final Fantasy IX|RPG
Final Fantasy Legend 2|RPG
Final Fantasy Mystic Quest|RPG
Final Fantasy Sonic X Episode 1|RPG
Final Fantasy Sonic X Episode 2|RPG
Final Fantasy Sonic X Episode 3|RPG
Final Fantasy Sonic X Episode 4|RPG
Final Fantasy Sonic X Episode 5|RPG
Final Fantasy Sonic X Episode 6 part 1|RPG
Final Fantasy Sonic X Episode 6 part 2|RPG
Final Fantasy Tactics|RPG
Final Fantasy VII (USA) (Disc 1)|RPG
Final Fantasy VII (disc one)(alt link)|RPG
Final Fantasy VII (disc three)|RPG
Final Fantasy VII (disc two)|RPG
Final Fantasy VI|RPG
Final Fantasy|RPG
Final Ninja|Platformer
Find The Alien|Browser Classics
Fire Emblem|RPG
Fireblob|Browser Classics
Fireboy and Watergirl 2|Puzzle
Fireboy and Watergirl 3|Puzzle
Fireboy and Watergirl|Puzzle
Fish Eat Getting Big|Browser Classics
Fisquarium|Browser Classics
Five Fights at Freddies|Flash Classics
Five Nights At Shrek’s Hotel|Browser Classics
Five Nights At Yoshi’s|Platformer
Five Nights at Baldis Redone|Horror
Five Nights at Candy’s 1|Browser Classics
Five Nights at Candy’s 2|Browser Classics
Five Nights at Epstein’s|Browser Classics
Five Nights at Frickbear’s 3|Browser Classics
Flappy Bird|Flash Classics
Fleur de Lis (video)|Adventure
Flood Runner 2|Flash Classics
Flood Runner 3|Flash Classics
Flood Runner 4|Flash Classics
Flood Runner|Flash Classics
Fluidism|Browser Classics
Flying Gorilla|Webports
Fnfpibbycorrupted|Rhythm
Focus|Flash Classics
Folder Dungeon|Browser Classics
Football Bros|Sports
Football Legends|Sports
Fork n Sausage|Browser Classics
Fortzone Battle Royale|Browser Classics
Free Rider 2|Flash Classics
Free Rider 3|Flash Classics
Free Rider|Flash Classics
Freegemas|Browser Classics
Friday Night At the Pizza Tower|Browser Classics
Friday Night Funkin - Akage|Rhythm
Friday Night Funkin - Longest Solo Ever|Rhythm
Friday Night Funkin - Mix|Rhythm
Friday Night Funkin - Omnipresent|Rhythm
Friday Night Funkin B-Sides Redux|Rhythm
Friday Night Funkin B-Sides|Rhythm
Friday Night Funkin Banbuds Interview|Sports
Friday Night Funkin Blackout VS Raven|Rhythm
Friday Night Funkin Chaos Nightmare (fleetway)|Rhythm
Friday Night Funkin D-Sides|Rhythm
Friday Night Funkin HORKGLORPGLOOP|Rhythm
Friday Night Funkin Hit Single Real|Rhythm
Friday Night Funkin Maginage Matches|Rhythm
Friday Night Funkin Neo|Rhythm
Friday Night Funkin VS Bill Cipher|Rhythm
Friday Night Funkin VS Herobrine Reborn|Rhythm
Friday Night Funkin VS Impostor v3|Rhythm
Friday Night Funkin VS Impostor v4|Rhythm
Friday Night Funkin VS Impostor: Desolation|Rhythm
Friday Night Funkin VS Rewrite Round 2|Rhythm
Friday Night Funkin VS Rewrite|Rhythm
Friday Night Funkin VS Silver|Rhythm
Friday Night Funkin VS Sky Reborn|Rhythm
Friday Night Funkin VS Sky|Rhythm
Friday Night Funkin VS. KAPI|Rhythm
Friday Night Funkin Vs Herobrine: Blocky Myths|Rhythm
Friday Night Funkin Vs Tabi Revived|Rhythm
Friday Night Funkin Vs. Asgore|Rhythm
Friday Night Funkin Vs. BFDI 26|Rhythm
Friday Night Funkin Vs. Cyber Sensation|Rhythm
Friday Night Funkin Vs. FNAF 3|Horror
Friday Night Funkin Vs. Impostor: Black Betrayal|Rhythm
Friday Night Funkin Vs. Ourple Guy v2|Rhythm
Friday Night Funkin X-Event|Rhythm
Friday Night Funkin vs Aflac|Rhythm
Friday Night Funkin vs Anemones Fall|Rhythm
Friday Night Funkin vs Hypno Lullaby|Rhythm
Friday Night Funkin vs Origami King|Rhythm
Friday Night Funkin vs QT|Rhythm
Friday Night Funkin vs Shaggy only 4 keys|Rhythm
Friday Night Funkin vs. CoryXKenshion|Rhythm
Friday Night Funkin vs. Garcello|Rhythm
Friday Night Funkin vs. Hatsune Miku|Rhythm
Friday Night Funkin vs. Hex|Rhythm
Friday Night Funkin vs. Tricky|Rhythm
Friday Night Funkin vs. Whitty|Rhythm
Friday Night Funkin vs. Zardy|Rhythm
Friday Night Funkin –: Vs. Among Us Skeld Symphony.html|Rhythm
Friday Night Funkin- Below The Depths|Rhythm
Friday Night Funkin-MADNESS Incident: 0201A|Rhythm
Friday Night Funkin-Monster Swing|Rhythm
Friday Night Funkin: CANDY CARRIER CHAOS|Rhythm
Friday Night Funkin: Corrosion|Rhythm
Friday Night Funkin: Corruption Reimagined|Rhythm
Friday Night Funkin: Mandela Catalogue|Rhythm
Friday Night Funkin: Nonsense|Rhythm
Friday Night Funkin: Starlight Mayhem|Rhythm
Friday Night Funkin: Vs. Dave and Bambi: Golden Apple Edition|Rhythm
Friday Night Funkin: Vs. Documic.txt v3|Rhythm
Friday Night Funkin: Vs. Five Nights at Freddy’s 2|Horror
Friday Night Funkin; Godot Web-Port|Rhythm
Friday Night Funkin; Sayori’s Notebook|Rhythm
Friday Night Funkin|Rhythm
Friday Night Funkin’ : The Brighterside|Rhythm
Friday Night Funkin’ : The Deceiver|Rhythm
Friday Night Funkin’ Porifera Atoll (A.K.A Lies)|Rhythm
Friday Night Funkin’ SMB. Funk mix: Game Over|Rhythm
Friday Night Funkin’ Self-Paced, but Playable|Rhythm
Friday Night Funkin’ Shucks V2|Rhythm
Friday Night Funkin’ Soft|Rhythm
Friday Night Funkin’ The Holiday Mod|Rhythm
Friday Night Funkin’ Trepidation|Rhythm
Friday Night Funkin’ TwiddleFinger|Rhythm
Friday Night Funkin’ Twinsomnia|Rhythm
Friday Night Funkin’ Undertale|Rhythm
Friday Night Funkin’ V.S. Annie|Rhythm
Friday Night Funkin’ VS A.G.O.T.I|Rhythm
Friday Night Funkin’ VS Accelerant Hank|Rhythm
Friday Night Funkin’ Vs Camellia RUDE BUSTER|Rhythm
Friday Night Funkin’ Weekly Tweakmas|Rhythm
Friday Night Funkin’: Jeffy’s Infinite Irida|Rhythm
Friday Night Funkin’: Rotten Smoothie|Rhythm
Friday Night Funkin’: Shaggy x Matt 4 keys|Rhythm
Friday Night Funkin’: Shaggy x Matt|Rhythm
Frogger|Retro Arcade
From Rust To Ash|Browser Classics
Fruit Ninja|Puzzle
Funny Battle Simulator 2|Browser Classics
Funny Battle Simulator|Browser Classics
Funny Mad Racing|Racing
Funny Shooter 2|Browser Classics
Fuschia X|Browser Classics
Fused 240|Browser Classics
G-Switch 2|Flash Classics
G-Switch|Flash Classics
G. G. Shinobi 2: The Silent Fury|Action
G. G. Shinobi|Action
GLFighters|Browser Classics
GRN|Browser Classics
GTA Mods|Action
GX Client|Browser Classics
Gachaverse|Flash Classics
Gain Ground|Strategy
Galaga 88|Retro Arcade
Galaga|Retro Arcade
Game And Watch Collection|Simulation
Game and Watch Gallery 3|Retro Arcade
Gangsta Bean 2|Flash Classics
Gangsta Bean|Flash Classics
Gangster Bros|Flash Classics
General Chaos|Strategy
Generic Fighter Maybe|Browser Classics
Geometry Dash Lite|Browser Classics
Geometry Dash Scratch|Browser Classics
Geometry Dash Subzero (scratch)|Browser Classics
Geometry Dash Wave|Browser Classics
Geometry Dash World|Browser Classics
Geometry Vibes|Browser Classics
George And The Printer|Browser Classics
Get On Top|Browser Classics
Get Yoked|Browser Classics
Get to the Top Although There Is No Top|Flash Classics
Getaway Shootout|Browser Classics
Getting Over It (Scratch)|Browser Classics
Ghost Trick - Phantom Detective|Adventure
Gimme the Airpod|Browser Classics
Gladihoppers|Browser Classics
Glory Hunters|Adventure
Glover|Adventure
Go to bed|Browser Classics
Goal South Africa|Flash Classics
Gobble|Browser Classics
Going Balls|Browser Classics
Gold Digger FRVR|Browser Classics
Gold Miner|Browser Classics
Golden Axe 2|Action
Golden Axe 3|Action
Golden Axe|Action
Golden Sun - Dark Dawn|RPG
Golden Sun - The Lost Age|RPG
Golden Sun|RPG
Goldeneye 007|Action
Golf Battle|Sports
Golf Sunday|Sports
Goodboy Galaxy|Platformer
Goof Troop|Adventure
Google Baseball|Sports
Google Dino|Browser Classics
Gorescript Classic|Browser Classics
Gorilla Tag|Browser Classics
Gran Turismo 2|Racing
Gran Turismo|Racing
Grand Action Simulator: New York|Browser Classics
Grand Escape Prison|Puzzle
Grand Shift Auto|Browser Classics
Grand Theft Auto (USA)|Action
Grand Theft Auto - Chinatown Wars|Action
Grand Theft Auto 2 (USA)|Action
Grand Theft Auto 2(alt link)|Action
Grand Theft Auto 2|Action
Grand Theft Auto Advance|Action
Grand Theft Auto III|Action
Grand Theft Auto(alt link)|Action
Granny 2|Horror
Granny 3|Horror
Granny Creepy|Horror
Granny Nightmare|Horror
Granny Online|Horror
Granny|Horror
Gravity Mod|Physics
Gravity|Physics
Greener Grass Awaits|Browser Classics
Grey Box Testing|Browser Classics
Grimace’s Birthday|Platformer
Grow A Garden|Browser Classics
Grow Your Garden|Browser Classics
Growden.io|Browser Classics
Growmi|Browser Classics
Guess Their Answer|Browser Classics
Gun Blood|Shooter
Gun Knight|Shooter
Gun Mayhem 2|Shooter
Gun Mayhem Redux|Shooter
Gun Mayhem|Shooter
Gun Night|Shooter
Gun Spin|Shooter
Gun.smoke|Shooter
Guncho|Shooter
Gunfighter: The Legend of Jesse James|Shooter
Gunstar Heroes|Shooter
Gym Stack|Browser Classics
Gyromite|Puzzle
HEI$: clhei$t.html|Browser Classics
HIT8OX|Browser Classics
Hajime No Ippo - the Fighting|Sports
Hajime no Ippo|Sports
Half Life|Browser Classics
Halloween|Horror
Halo Combat Devolved|Shooter
Hands of War|Flash Classics
Handshakes|Browser Classics
Handulam+|Browser Classics
Hang On|Racing
Hanger 2|Browser Classics
Hanger|Flash Classics
Happy Room|Browser Classics
Happy Wheels|Flash Classics
Hardware Tycoon|Simulation
Harvest Moon 2|RPG
Harvest Moon 64|RPG
Harvest Moon|RPG
Harvest.io|Browser Classics
Haunt The House|Flash Classics
Haunted School|Browser Classics
Heartbreak Havoc [Vs. Sky: REDUX]|Browser Classics
Helix Jump|Platformer
HellroN|Browser Classics
Helltaker|Browser Classics
Help No Brakes!|Browser Classics
Henry Stickmin Breaking The Bank|Flash Classics
Henry Stickmin Escaping The Prison|Flash Classics
Henry Stickmin Fleeing The Complex|Sports
Henry Stickmin Infiltrating The Airship|Flash Classics
Henry Stickmin Stealing The Diamond|Flash Classics
Hero 3: Flying Robot|Browser Classics
Hextris|Browser Classics
Hi No Homo|Browser Classics
High Stakes|Browser Classics
Highway Racer|Racing
Hill Climb Racing 2 (scratch)|Racing
Hill Climb Racing Lite|Racing
Hipster Kickball|Flash Classics
HitStunFly|Sports
Hobo 2|Flash Classics
Hobo 3|Flash Classics
Hobo 4|Flash Classics
Hobo 5|Flash Classics
Hobo 6|Flash Classics
Hobo 7|Flash Classics
Hobo vs. Zombies|Flash Classics
Hobo|Flash Classics
Hole.io|Browser Classics
HoleBattle|Browser Classics
Hollow Knight Silksong Demake|Platformer
Hollow Knight: Silksong|Webports
Hollow Knight|Webports
Home Sheep Home|Flash Classics
Hooked|Browser Classics
Horntale|Browser Classics
Horror Mouse|Browser Classics
Hot Dog Bush|Flash Classics
Hot Wax|Browser Classics
Hotline 024|Browser Classics
House of Hazards|Browser Classics
Hover Racer Drive|Racing
Huggy Wuggy Pixel|Browser Classics
Hungry Knight|Browser Classics
Hungry Lamu 2|Browser Classics
Hungry Lamu|Browser Classics
Hungry Pumpkin|Flash Classics
Hypper Sandbox|Browser Classics
I Wanna Be The Guy|Browser Classics
I hate you|Horror
IQ Ball|Flash Classics
Ice Climber|Retro Arcade
Ice Dodo|Browser Classics
Ice Fishing|Simulation
Icy Purple Head|Browser Classics
Idle Football Manager|Sports
Idle Miner Tycoon|Simulation
Incredibles Rise of the Underminer|Platformer
IndestructoTank 2|Shooter
IndestructoTank|Shooter
Indian Truck Simulator|Racing
Infinite Craft|Browser Classics
Ink Game|Browser Classics
Inkwell (v1.04)|Platformer
Innkeeper|Flash Classics
Insomniary|Browser Classics
Intellisphere|Browser Classics
Interactive Buddy|Flash Classics
Into Ruins|Browser Classics
Into Space 2|Flash Classics
Into Space 3|Flash Classics
Into Space|Flash Classics
Into The Deep Web|Browser Classics
Intrusion|Flash Classics
Iron Lung|Webports
Iron Snout|Browser Classics
Iron Soldier|Action
Irori|Browser Classics
Islander|Browser Classics
It Gets So Lonely Here|Browser Classics
JMO Client|Browser Classics
JUMP|Platformer
Jacksmith|Flash Classics
Jailbreak Obby|Browser Classics
Jazz Jackrabbit 2|Browser Classics
Jazz Jackrabbit|Browser Classics
Jefflings|Browser Classics
Jelly Drift|Racing
Jelly Mario|Platformer
Jelly Truck|Racing
Jellydad Hero|Flash Classics
Jet Force Gemini|Action
Jet Rush|Browser Classics
Jetpack Joyride|Browser Classics
Jetski Race|Racing
John Madden Football ‘93|Sports
Johnny Trigger|Browser Classics
Johnny Upgrade|Browser Classics
Jojo’s Bizarre Adventure|Fighting
Journey Downhill|Browser Classics
Journey|Retro Arcade
Joust|Retro Arcade
Jsvecx|Browser Classics
Jumbo Mario|Platformer
Jumping Shell|Browser Classics
Jungle Deer Hunting|Browser Classics
Just Hit The Button|Browser Classics
Just One Boss|Browser Classics
Just a Platformer Editor 1|Browser Classics
Just a Platformer Editor 2|Browser Classics
Just a Platformer|Browser Classics
Justfall.lol|Browser Classics
Justin Client|Browser Classics
KS2 Teams|Browser Classics
Kaizo Mario World|Platformer
Kalikan|Browser Classics
Kanye Zone|Browser Classics
Karate Bros|Browser Classics
Karlson 2d|Platformer
Karlson|Platformer
Kart Bros|Browser Classics
Ken Griffey jr. Presents Major League Baseball|Sports
Kerosene Client|Browser Classics
Kill The Ice Age Baby Adventure|Browser Classics
Killer Instinct|Fighting
Killover|Browser Classics
Kim Jong Un Tile Puzzle|Shooter
Kimmunicator|Platformer
Kingdom Hearts - 358-2 Days|RPG
Kingdom Hearts - Chain of Memories|RPG
Kingdom Hearts - Re-coded (USA)|Shooter
Kingdom Hearts Re-Coded(alt link)|Shooter
Kirby 64: The Crystal Shards|Platformer
Kirby 64|Platformer
Kirby Canvas Curse|Platformer
Kirby Squeak Squad|Platformer
Kirby Super Star Ultra|Platformer
Kirby Super Star|Platformer
Kirby Tilt N Tumble|Platformer
Kirby and the Amazing Mirror|Platformer
Kirby ~ Soft and Wet|Platformer
Kirby’s Adventure|Platformer
Kirby’s Dream Land 3|Platformer
Kirby’s Dream Land|Platformer
Kitten Cannon|Flash Classics
Klifur|Browser Classics
Knightmare Tower|Flash Classics
Knock, Knock.|Browser Classics
Konkr.io|Browser Classics
Kour.io|Browser Classics
LSD - Dream Emulator|Adventure
Lacey’s Flash Games|Horror
Lambda Client|Browser Classics
Last Horizon|Browser Classics
Leader Strike|Browser Classics
Leaf Blower Revolution|Browser Classics
Leap And Avoid 2|Browser Classics
Learn to Fly 2 Hacked|Adventure
Learn to Fly 2|Adventure
Learn to Fly 3 (debug)|Adventure
Learn to Fly|Adventure
Legend of Zelda, The - Spirit Tracks|Adventure
Legend of Zelda, the - Oracle of Ages|Adventure
Legend of Zelda, the - Oracle of Seasons|Adventure
Legend of Zelda: Phantom Hourglass|Adventure
Legion Breaker|Browser Classics
Lego Batman - the Videogame|Adventure
Lego Batman 2 - DC Super Heroes|Adventure
Lego Indiana Jones - the Original Adventures|Adventure
Lego Indiana Jones 2 - the Adventure Continues|Adventure
Lego Marvel Super Heroes|Adventure
Lego Ninjago - the Videogame|Adventure
Lego Racers|Racing
Lego Star Wars - the Complete Saga|Adventure
Lego Star Wars 2|Adventure
Lego Star Wars|Adventure
Lemmings|Puzzle
Let It Consume|Browser Classics
Level Devil|Browser Classics
Level Up - Mario Minigames Mayhem|Platformer
Lever Warriors|Browser Classics
Line Rider|Flash Classics
Little Alchemy 2|Browser Classics
Little Runmo|Browser Classics
Lobotomy Dash|Browser Classics
Lock the Door|Browser Classics
Lode Runner|Puzzle
Lonewolf|Flash Classics
Los Angeles Shark|Flash Classics
Low Knight|Browser Classics
Lucid|Horror
Lucky Blocks Obby|Browser Classics
Lumine Client|Browser Classics
MVP Baseball|Sports
MX Offroad Master|Browser Classics
Mach Rider|Racing
Mad Skills Motocross 2|Browser Classics
Mad Stick|Browser Classics
Madalin Stunt Cars 2|Racing
Madalin Stunt Cars Multiplayer|Racing
Madden Football 64|Sports
Madden Football|Sports
Madden NFL 09|Sports
Madden NFL 2000|Sports
Madden NFL 2001|Sports
Madden NFL 2002|Sports
Madden NFL ‘94|Sports
Madden NFL ‘95|Sports
Madden NFL ‘96|Sports
Madden NFL ‘98|Sports
Madden NFL ‘99|Sports
Madden NFL|Sports
Madness 2010|Action
Madness Accelerant|Action
Madness Ambulation|Action
Madness Combat Defense|Action
Madness Combat FPS Fueled by Hot Dogs|Action
Madness Gemini|Action
Madness Hydraulic|Action
Madness Interactive|Action
Madness Off Color|Action
Madness Premediation|Action
Madness Project Nexus|Action
Madness Retaliation|Action
Madness The Stand|Action
Make Sure Its Closed|Browser Classics
Mana God|Browser Classics
Marbleracer|Racing
Mari0|Browser Classics
Mario Bros|Platformer
Mario Combat|Platformer
Mario FNF Port|Rhythm
Mario Golf|Sports
Mario Kart 64 - Amped Up|Racing
Mario Kart 64|Racing
Mario Kart DS|Racing
Mario Kart Super Circuit|Racing
Mario Maker (SNES)|Sandbox
Mario Odyssey|Platformer
Mario Paint|Platformer
Mario Party 2|Party
Mario Party 3|Party
Mario Party Advanced|Party
Mario Party DS|Party
Mario Party|Party
Mario Tennis|Sports
Mario VS Luigi Online|Platformer
Mario is Missing Done Right|Platformer
Mariobuilder64|Sandbox
Mario’s Mystery Meat|Platformer
Mario’s Tennis|Sports
Marvel Super Heroes vs Street Fighter|Fighting
Marvel Super Heroes|Retro Arcade
Marvel VS Capcom - Clash of Superheroes|Fighting
Marvel vs Capcom|Fighting
Masked Forces Unlimited|Browser Classics
Mastermind World Conqueror|Flash Classics
Matrix Rampage|Flash Classics
Maui Mallard in Cold Shadow|Action
Max Payne|Action
Meatboy|Platformer
Medal of Honor|Browser Classics
MediEvil|Action
Medieval Shark|Flash Classics
Mega Client|Browser Classics
Mega Man - Battle Chip Challenge|Sports
Mega Man - The Sequel Wars Episode Red|Platformer
Mega Man - The Wily Wars (European)|Platformer
Mega Man - The Wily Wars(US)|Platformer
Mega Man 2: The Power Fighters|Platformer
Mega Man 2|Platformer
Mega Man 3|Platformer
Mega Man 4|Platformer
Mega Man 5|Platformer
Mega Man 6|Platformer
Mega Man 7|Platformer
Mega Man 8|Platformer
Mega Man Battle Network 2|Sports
Mega Man Battle Network 3 - Blue Version||Sports
Mega Man Battle Network 3 - White Version|Sports
Mega Man Battle Network 4 - Blue Moon|Sports
Mega Man Battle Network 4 - Red Sun|Sports
Mega Man Battle Network 5 - Team Colonel|Sports
Mega Man Battle Network 5 - Team Protoman|Sports
Mega Man Battle Network 6 - Cybeast Falzar|Sports
Mega Man Battle Network 6 - Cybeast Gregar|Sports
Mega Man Battle Network|Sports
Mega Man Legends 2|Platformer
Mega Man Legends|Platformer
Mega Man Star Force - Dragon|Platformer
Mega Man Star Force - Pegasus|Platformer
Mega Man Star Force 2 - Zerker x Ninja|Platformer
Mega Man Star Force 2 - Zerker x Saurian|Platformer
Mega Man Star Force 3 - Black Ace|Platformer
Mega Man Star Force 3 - Red Joker|Platformer
Mega Man X2|Platformer
Mega Man X3|Platformer
Mega Man X4|Platformer
Mega Man X5|Platformer
Mega Man X6|Platformer
Mega Man X|Platformer
Mega Man ZX|Platformer
Mega Man Zero|Platformer
Mega Man: The Power Battle|Sports
Mega Man|Platformer
Mega Miner|Flash Classics
Megaman Battle Network WS|Sports
Melon Playground|Browser Classics
Meowio|Browser Classics
Merge Round Racers|Racing
Metal Gear Solid|Action
Metal Gear|Action
Metal Slug - 1st Mission|Shooter
Metal Slug - 2nd Mission|Shooter
Metal Slug 2|Shooter
Metal Slug Advance|Shooter
Metal Slug|Shooter
Metal Sonic Hyperdrive|Platformer
Metal Sonic Rebooted|Platformer
Metal gear Solid|Action
Metroid 2|Action
Metroid Fusion|Action
Metroid Prime Hunters|Action
Metroid Zero Mission|Action
Metroid|Action
MiSide|Webports
Miami Shark|Flash Classics
Micro Life|Flash Classics
Micromages|Platformer
Midway’s Greatest Hits|Party
Mighty Knight 2|Flash Classics
Mighty Knight|Flash Classics
Mimic|Browser Classics
Min Hero|Flash Classics
Mindscape|Flash Classics
Mindwave|Browser Classics
Mine Shooter|Browser Classics
MineCaves|Flash Classics
Minecraft 1.11.2|Sandbox
Minecraft 1.12.2|Sandbox
Minecraft 1.5.2|Sandbox
Minecraft 1.7.3|Sandbox
Minecraft 1.8.8 (EaglecraftX)|Sandbox
Minecraft 1.9|Sandbox
Minecraft Alpha 1.2.6|Sandbox
Minecraft Beta 1.3|Sandbox
Minecraft Case Sim|Sandbox
Minecraft Indev|Sandbox
Minecraft Parkour|Sandbox
Minecraft Pocket Edition|Sandbox
Minecraft Prismarine Client|Sandbox
Minecraft Shooter|Sandbox
Minecraft Tower Defense|Tower Defense
Mini Crossword|Browser Classics
Mini Flips|Browser Classics
Mini Shooters|Browser Classics
Mini Tooth|Browser Classics
Miragine War|Flash Classics
Missile Command|Retro Arcade
Mobius Evolution|Platformer
Moemon Emerald Vanilla+ (V 110)|RPG
Mom I’m Sleeping|Browser Classics
Money Rush|Browser Classics
Monkey Mart|Browser Classics
Monster Derby|Browser Classics
Monster Tracks|Browser Classics
Monster Truck Curfew|Racing
Monster Truck Port Stunt|Racing
Mortal Kombat 2|Fighting
Mortal Kombat 3|Fighting
Mortal Kombat 4|Fighting
Mortal Kombat Advance|Fighting
Mortal Kombat Mythologies Subzero|Fighting
Mortal Kombat Trilogy|Fighting
Mortal Kombat|Fighting
Motherload|Flash Classics
Moto Road Rash|Racing
MotoX3m Pool Party|Sports
MotoX3m Spooky Land|Browser Classics
MotoX3m Winter|Browser Classics
MotoX3m2|Browser Classics
MotoX3m3|Browser Classics
MotoX3m|Browser Classics
Mountain Bike Racer|Racing
Mr Mine|Browser Classics
Mr. Driller 2|Puzzle
Mr. Driller|Puzzle
Mr. Racer - Car Racing|Racing
Ms. Pac-man|Retro Arcade
Multitask|Flash Classics
Mutilate a Doll|Flash Classics
My Friend Pedro Arena|Flash Classics
My Friend Pedro|Flash Classics
My Teardrop|Browser Classics
N-gon|Browser Classics
NBA Hangtime|Sports
NBA Jam - Tournament Edition.|Sports
NBA Jam|Sports
NBA Live 2000|Sports
NBA Live 2003|Sports
NFL Blitz|Sports
Natsuki (DDLC) 64|Horror
Natural Selection|Flash Classics
Nazi Zombies Portable (nzp)|Browser Classics
Nblox|Flash Classics
Need For Speed - Carbon - Own the City|Racing
Need For Speed - Most Wanted|Racing
Need For Speed - Porsche Unleashed|Racing
Need For Speed - Underground 2|Racing
Need For Speed - Underground|Racing
Neon Blaster|Browser Classics
Neon Rider|Flash Classics
Net.Attack|Browser Classics
Neverending Legacy|Browser Classics
New Super Bowser World|Flash Classics
New Super Mario Bros U DS|Platformer
New Super Mario Bros Wii DS|Platformer
New Super Mario Bros|Platformer
New Super Mario World 2 - Around the World|Platformer
New York Shark|Flash Classics
Newer Super Mario Bros DS|Platformer
Newgrounds Rumble|Flash Classics
Nextdoor|Browser Classics
Nickelodeon Super Brawl 2|Flash Classics
Nightcat Survival|Browser Classics
Nightclub Showdown|Browser Classics
Nimrods|Browser Classics
Ninja Brawl|Flash Classics
Ninja Obby Parkour|Browser Classics
Nit Client|Browser Classics
Nitrome Must Die|Flash Classics
Noob Miner|Browser Classics
Not Your Pawn|Browser Classics
Nova Client|Browser Classics
Nubby’s Number Factory|Browser Classics
Nuts and Bolts Screwing Puzzle|Browser Classics
N|Flash Classics
OVO 2|Puzzle
OVO 3 Dimensions|Puzzle
OVO|Puzzle
Obby 99% Will Lose|Browser Classics
Obby But You’re On a Bike|Racing
Obby Cart|Browser Classics
Obby Climb For Brainrots|Browser Classics
Obby For Lumber|Browser Classics
Obby Rainbow Tower|Browser Classics
Obby Robby - Only Up|Browser Classics
Obby Slide|Browser Classics
Obby Swing For brainrots|Browser Classics
Obby Swing|Browser Classics
Obby With Friends|Browser Classics
Obby Yard Sale|Browser Classics
Obby: +1 Jump per Click|Platformer
Obey the Game|Flash Classics
Odd Bot Out|Browser Classics
Offline Paradise|Browser Classics
Oh Flip!|Browser Classics
Omega Layers|Browser Classics
One Night As Freddy|Browser Classics
One Piece Fighting|Fighting
One Piece|Fighting
Onebit Adventure|Browser Classics
Oneshot (old)|Browser Classics
Only Up|Browser Classics
Operius|Browser Classics
Opposite Day|Browser Classics
Orange Roulette|Flash Classics
Orb of Creation|Browser Classics
Other Car Driving Simulator|Racing
OutHold|Browser Classics
Outrun|Racing
OverBurden|Browser Classics
Pac-man World 3|Retro Arcade
Pac-man World|Retro Arcade
Pac-man|Retro Arcade
Pandemic 2|Flash Classics
Papa Louie Night Hunt 2|Flash Classics
Papa Louie When Burgers Attack|Flash Classics
Papa Louie When Pizzas Attack|Flash Classics
Papa Louie When Sundaes Attack|Flash Classics
Papa’s Bakeria|Simulation
Papa’s Burgeria|Simulation
Papa’s Cheeseria|Simulation
Papa’s Cupcakeria|Simulation
Papa’s Donuteria|Simulation
Papa’s Freezeria|Simulation
Papa’s Hot Doggeria|Simulation
Papa’s Pancakeria|Simulation
Papa’s Pastaria|Simulation
Papa’s Pizzeria|Simulation
Papa’s Scooperia|Simulation
Papa’s Sushiria|Simulation
Papa’s Taco mia|Simulation
Papa’s Wingeria|Simulation
Paper Mario - Dark Star Edition|Platformer
Paper Mario All Bosses In 1 Battle|Party
Paper Mario Black Pit|Platformer
Paper Mario Practice Hack|Platformer
Paper Mario Pro Mode|Platformer
Paper Mario-TTYD Edition|Platformer
Paper Mario|Platformer
Paper.io 3D|Browser Classics
Paper.io Mania|Browser Classics
Paper.io|Browser Classics
Parking Fury 2|Racing
Parking Fury 3|Racing
Parking Fury|Racing
Parking Rush|Racing
Peacekeeper|Flash Classics
Peggle|Flash Classics
Penalty kicks|Flash Classics
Penguin Diner|Browser Classics
Penguin Pass|Flash Classics
Pereelous|Browser Classics
Perfect Hotel|Browser Classics
Pet World|Browser Classics
Phasma|Browser Classics
Phoenix wright - Ace Attorney - Justice For All|Adventure
Phoenix wright - Ace Attorney - Trials and Tribulations|Adventure
Phoenix wright - Ace Attorney|Adventure
Pi Client|Browser Classics
Pico Driller|Browser Classics
Pico Hot|Browser Classics
Pico Life|Browser Classics
Pico Night Punkin|Browser Classics
Pico Vs Bear DX|Flash Classics
Pico’s School|Flash Classics
Pieces of Cake|Browser Classics
Pinball|Retro Arcade
Ping Pong Chaos|Browser Classics
Pinkbike|Racing
Pixel Battlegrounds.io|Browser Classics
Pixel Client|Browser Classics
Pixel Combat 2|Browser Classics
Pixel Gun|Shooter
Pixel Quest - the Lost Idols|Flash Classics
Pixel Shooter|Browser Classics
Pixel Speedrun|Browser Classics
Pixel Warfare|Browser Classics
Pizza Tower|Browser Classics
Planet Life|Browser Classics
Plangman|Browser Classics
Plants vs Zombies Modded|Strategy
Plants vs Zombies|Strategy
Plants vs. Zombies 2 Gardenless|Strategy
Plants vs. Zombies|Strategy
Plazma Burst|Flash Classics
Plinko|Browser Classics
Plonky|Browser Classics
Pogo 3D|Browser Classics
Pokemon - Diamond Version|RPG
Pokemon - Heartgold Version|RPG
Pokemon - Pearl Version|RPG
Pokemon - Platinum Version Randomized|RPG
Pokemon - Platinum Version|RPG
Pokemon - SoulSilver Version|RPG
Pokemon A Walk In The Forest Version|RPG
Pokemon Academy Life: Forever!|RPG
Pokemon Acko’s Mach Bike Challenge|Racing
Pokemon Aesthetic Red|RPG
Pokemon Ambrosia|RPG
Pokemon Amnesia|RPG
Pokemon Arceus Legend|RPG
Pokemon Battle Factory|Sports
Pokemon Bill’s Secret Garden|RPG
Pokemon Black Version 2(alt link)|RPG
Pokemon Black Version(alt link)|RPG
Pokemon Blaze Black 2 Redux|RPG
Pokemon Blue Version|RPG
Pokemon Clover|RPG
Pokemon Crown|RPG
Pokemon Crystal Advance Redux|RPG
Pokemon Crystal Clear|RPG
Pokemon Crystal Inheritance|RPG
Pokemon Crystal Legacy|RPG
Pokemon Crystal|RPG
Pokemon Dreamstone|RPG
Pokemon Elite Redux|RPG
Pokemon Elysium A|RPG
Pokemon Elysium B|RPG
Pokemon Emerald 47|RPG
Pokemon Emerald Crest|RPG
Pokemon Emerald Enhanced|RPG
Pokemon Emerald Extended Cut|RPG
Pokemon Emerald Flow|RPG
Pokemon Emerald Imperium|RPG
Pokemon Emerald Kaizo|RPG
Pokemon Emerald Legacy|RPG
Pokemon Emerald Mini|RPG
Pokemon Emerald Randomized|RPG
Pokemon Emerald Rogue EX|RPG
Pokemon Emerald Rogue|RPG
Pokemon Emerald Seaglass|RPG
Pokemon Emerald Z|RPG
Pokemon Emerald|RPG
Pokemon Energized Emerald|RPG
Pokemon Evolved|RPG
Pokemon Firered Leafgreen Plus|RPG
Pokemon Firered Randomized|RPG
Pokemon Firered Rocket Edition|RPG
Pokemon Firered|RPG
Pokemon Flora Sky|Sports
Pokemon Fused dimension|RPG
Pokemon Fusion 3|RPG
Pokemon GS Chronicles|RPG
Pokemon Gaia|RPG
Pokemon Giga Red|RPG
Pokemon Golden Shield|RPG
Pokemon Gold|RPG
Pokemon Heartgold Generations|RPG
Pokemon Hoenn’s Last Wish|RPG
Pokemon Inclement Emerald|RPG
Pokemon Inkwell Version|RPG
Pokemon Jet Black|RPG
Pokemon Kaizo Iron Fire Red|RPG
Pokemon Lazarus|RPG
Pokemon Leaf Green|RPG
Pokemon Light Platinum|RPG
Pokemon Lime|RPG
Pokemon Liquid Crystal|RPG
Pokemon Lucid|Horror
Pokemon Mega Moemon|RPG
Pokemon Mirror Gold|RPG
Pokemon Modern Emerald|RPG
Pokemon Moon Emerald Extreme Randomized|RPG
Pokemon Moon Emerald|RPG
Pokemon Mystery Dungeon - Explorers of Sky|RPG
Pokemon Mystery Dungeon|RPG
Pokemon Nameless|RPG
Pokemon Odyssey|RPG
Pokemon Picross|RPG
Pokemon Recharged Yellow|RPG
Pokemon Renegade Platinum|RPG
Pokemon Retro Platinum|RPG
Pokemon Ruby|RPG
Pokemon Scorched Silver|RPG
Pokemon Scrambled Scarlet|RPG
Pokemon Shiny Gold Sigma|RPG
Pokemon Silver|RPG
Pokemon Snap|RPG
Pokemon Sonicmon|RPG
Pokemon Sovereign of the Skies|RPG
Pokemon Stadium 2|RPG
Pokemon Stadium|RPG
Pokemon Stunning Steel: clPoké|RPG
Pokemon Super Luigi Green|RPG
Pokemon Super Mario Red|RPG
Pokemon Sword and Shield Ultimate Plus|RPG
Pokemon TWO (v1.1)|RPG
Pokemon Theta Emerald EX|RPG
Pokemon Too Many Types 2|RPG
Pokemon Too Many Types|RPG
Pokemon Tower Defense|RPG
Pokemon Trading Card Game 2|RPG
Pokemon Trading Card Game|RPG
Pokemon Ultimate Fusion|RPG
Pokemon Ultra Violet|RPG
Pokemon Unbound|RPG
Pokemon Unown King|RPG
Pokemon Vega|RPG
Pokemon Volt White 2 Redux|RPG
Pokemon Volume 1:  [Rom Show]|RPG
Pokemon Volume 2:  [Rom Show]|RPG
Pokemon Volume 3:  [Rom Show]|RPG
Pokemon Volume 4:  [Rom Show]|RPG
Pokemon Voyager|RPG
Pokemon White Version 2(alt link)|RPG
Pokemon White Version|RPG
Pokemon Yellow Version|RPG
Pokemon the Last Fire Red|RPG
Pokemon: Let’s Go, Eevee!|RPG
Pokemon: Let’s Go, Pikachu!|RPG
Pokemon: Moemon Emerald Vanilla+ (v1.1.0)|RPG
PokéPath TD|Browser Classics
Pokémon All In|RPG
Pokémon Emerald Horizons|RPG
Pokémon Exceeded Emerald|RPG
Pokémon Fire Gold|RPG
Pokémon Lime|RPG
Pokémon Low Budget Crystal|RPG
Pokémon Moon Galaxy|RPG
Pokémon Peach|RPG
Pokémon Perfect Emerald|RPG
Pokémon Perfect Fire Red|RPG
Pokémon Pinball|Retro Arcade
Pokémon Pisces|RPG
Pokémon Pit of 100 trials (generation 9)|RPG
Pokémon Polished Crystal|RPG
Pokémon Pure Blue|RPG
Pokémon Pure Green|RPG
Pokémon Pure Red|RPG
Pokémon Quetzal|RPG
Pokémon ROWE|RPG
Pokémon Radical Red|RPG
Pokémon Recharged Pink|RPG
Pokémon Record Keepers|RPG
Pokémon Red Version|RPG
Pokémon Roaring Red|RPG
Pokémon Rose Gold|RPG
Pokémon Run and Bun|RPG
Pokémon Saiph 2|RPG
Pokémon Saiph|RPG
Pokémon Sapphire|RPG
Pokémon Scarlet Violet|RPG
Pokémon Snowy White|RPG
Pokémon Sors 2|RPG
Pokémon Sors|RPG
Pokémon SunSky|RPG
Pokémon Tourmaline Version|RPG
Pokémon Unova Emerald|RPG
Pokémon: Team Rocket Edition|RPG
Police Pursuit 2|Browser Classics
Poly Track old ver|Racing
Poly Track|Racing
Pom Gets Wi-Fi|Browser Classics
Poor Bunny|Browser Classics
Porklike|Browser Classics
Portal 2D|Browser Classics
Portal Defenders Fast Break|Shooter
Portal Defenders Tower Defence|Shooter
Portal Flash|Flash Classics
Porter|Browser Classics
Possess Quest|Browser Classics
Postal|Browser Classics
Potatoman Seeks The Troof|Flash Classics
Potty Racers 1|Racing
Potty Racers 2|Racing
Potty Racers 3|Racing
Pou|Browser Classics
Praxis Fighter X|Browser Classics
Pre Civilization Bronze Age|Flash Classics
Precision Client|Browser Classics
Prehistoric Shark|Flash Classics
Prestige Tree|Browser Classics
Pretend It’s Not There|Browser Classics
Primary|Flash Classics
Prism Client|Browser Classics
Processor Tycoon|Simulation
Prodigy (old version by Entrapta)|RPG
Prodigy: MTKSIKM|RPG
Pullfrog|Browser Classics
Pumpkin Run 64|Browser Classics
Punch the Trump|Flash Classics
Puppet Hockey|Browser Classics
Puppet Master|Browser Classics
Push Your Luck|Browser Classics
Q*bert|Retro Arcade
QWOP|Flash Classics
Quake 64|Shooter
Quake III Arena|Shooter
Quake II|Shooter
Quake|Shooter
R.E.P.O bad|Browser Classics
Rabbit Hole 1.0.6|Browser Classics
Rad Racer|Racing
Raft Wars 2|Flash Classics
Raft Wars|Flash Classics
Ragdoll Achievement|Physics
Ragdoll Archers|Physics
Ragdoll Drop|Physics
Ragdoll Hit|Physics
Ragdoll Runners|Physics
Ragdoll Soccer|Sports
Ragdoll.io|Physics
Raldi’s Crackhouse|Browser Classics
Ravenbase|Sports
Ray Part 1|Flash Classics
Ray Part 2|Flash Classics
Raze 2|Flash Classics
Raze 3|Flash Classics
Raze|Flash Classics
Reach the Core|Flash Classics
Reacticore|Browser Classics
Real Flight Simulator|Browser Classics
Reborn Client|Browser Classics
Rebuild 2|Flash Classics
Rebuild|Flash Classics
Recoil|Browser Classics
Red Ball 2|Flash Classics
Red Ball 3|Flash Classics
Red Ball 4 vol.2|Flash Classics
Red Ball 4 vol.3|Flash Classics
Red Ball 4|Browser Classics
Red Ball|Flash Classics
Red Handed|Browser Classics
Red Tie Runner|Browser Classics
Red vs. Blue War|Browser Classics
Red vs. Blue|Browser Classics
Reign of Centipede|Retro Arcade
Renegades|Flash Classics
Resent Client|Browser Classics
Resizer|Browser Classics
Resort Empire|Flash Classics
Retro Bowl College|Browser Classics
Retro Bowl|Browser Classics
Retro Highway|Browser Classics
Retro Ping Pong|Browser Classics
Return Man 2|Flash Classics
Return Man|Flash Classics
Return to Riddle School|Browser Classics
Rhythm Heaven|Rhythm
Rhythm Hell|Rhythm
Ricochet Kills 2|Flash Classics
Riddle Middle School|Browser Classics
Riddle School 2|Flash Classics
Riddle School 3|Flash Classics
Riddle School 4: clriddleschool445544$$444$444.html|Flash Classics
Riddle School 5|Flash Classics
Riddle School|Flash Classics
Riddle Transfer 2|Flash Classics
Riddle Transfer|Flash Classics
Riddle University|Flash Classics
Ridge Racer|Racing
Rise Higher|Browser Classics
Road of Fury|Flash Classics
Road of the Dead 2|Flash Classics
Road of the Dead|Flash Classics
Robby Blocks|Browser Classics
Rocket Goal.io|Browser Classics
Rocket Jump|Platformer
Rocket League|Browser Classics
Rocket Soccer Derby|Sports
Rocketpult|Browser Classics
Rodha|Browser Classics
Roller Baller|Browser Classics
Rolling Sky|Browser Classics
Rolly Vortex|Browser Classics
Roly-Poly Monsters|Flash Classics
Rooftop Run|Browser Classics
Rooftop Snipers 2|Browser Classics
Rooftop Snipers|Browser Classics
Roulette Hero|Browser Classics
Roulette Knight|Browser Classics
Rubble Trouble 1|Puzzle
Rubble Trouble 2|Puzzle
Rubble Trouble 3|Puzzle
Run 2|Flash Classics
Run 3|Browser Classics
Run from Withered Fox|Browser Classics
Running Fred|Browser Classics
Run|Flash Classics
Russian Buckshot Roulette|Browser Classics
Russian CS GO-6|Browser Classics
Russian Car Driver|Racing
Russian Sandbox|Browser Classics
SAS Zombie Assault 2|Flash Classics
Saihate Station|Browser Classics
Sandbox City|Browser Classics
Sandboxels|Browser Classics
Sands of the Coliseum|Flash Classics
Sandtris|Browser Classics
Santy|Browser Classics
Satryn|Browser Classics
Saul Goodman Run|Browser Classics
Sausage Flip|Browser Classics
Scale The Depths|Browser Classics
Scampton The Great Fight Recreate|Browser Classics
Scarlet Shift|Browser Classics
Scary Maze Game|Puzzle
Scary Shawarma|Browser Classics
Scary Teacher 3D|Browser Classics
Schoolboy Runaway|Horror
Scooby Doo Creepy Run|Flash Classics
Scooby Doo Zombie Hunter|Flash Classics
Scrap Metal 3|Browser Classics
Scuba Bear|Browser Classics
Sea Mongrel|Browser Classics
SegaSonic The Hedgehog|Platformer
Self|Browser Classics
Sentry Fortress|Flash Classics
Serenitrove|Browser Classics
Serving Up Madness|Action
Seven Days In Purgatory|Browser Classics
Shadow Courier|Browser Classics
Shadow Dancer: The Secret of Shinobi|Action
Shape Transform|Browser Classics
Shift 2|Browser Classics
Shift at Midnight|Browser Classics
Shift|Browser Classics
Shinobi.Htmlclshadowdancerarcade|Retro Arcade
Shopping Cart Hero|Simulation
Short Life|Browser Classics
Shot Out 4|Browser Classics
Shredmill|Browser Classics
Shredsauce|Browser Classics
Side Effects|Browser Classics
Sierra 7|Flash Classics
Sift Heads Cartels Act 1|Flash Classics
Sift Heads Cartels Act 2|Flash Classics
Sift Heads Cartels Act 3|Flash Classics
Sift Heads World Ultimatum|Flash Classics
Silhouette Showdown|Browser Classics
Silk Melody|Browser Classics
Simpsons Arcade|Retro Arcade
Six ways to die|Browser Classics
Skibidi Shooter|Browser Classics
Skibidi in the Backrooms|Browser Classics
Skibidi toilet.io|Browser Classics
Skinwalker|Browser Classics
Sky Race 3D|Racing
Sky Riders|Browser Classics
Skyfactory|Browser Classics
Skywire 2|Adventure
Skywire|Adventure
Slenderman: The 8 Pages|Horror
Slendy Tubbies|Browser Classics
Slice It All|Physics
Slice Master|Physics
Slide in the Woods|Browser Classics
Slime Laboratory|Adventure
Slipways|Browser Classics
Slither.io|Browser Classics
Slope 2 player|Browser Classics
Slope 3|Browser Classics
Slope|Browser Classics
Slot or Not|Browser Classics
Slow Roads|Browser Classics
Smash Hit Ripoff|Fighting
Smash Karts|Fighting
Smash Remix 2.0.1|Fighting
Smash Remix: Project Galleon|Fighting
Smash Remix|Fighting
Snail Bob 2|Flash Classics
Snail Bob 3|Flash Classics
Snail Bob 4|Flash Classics
Snail Bob 5 Love Story|Flash Classics
Snail Bob|Flash Classics
Snakelike|Browser Classics
Sniper Shot|Browser Classics
Sniper v2|Browser Classics
Snow Rider 3D|Racing
Snow Rider|Racing
Snow Road|Browser Classics
Snowball.io|Browser Classics
Snowboard Obby|Sports
Snowrideee|Racing
Soccer Bros|Sports
Soccer Random|Sports
Soccer|Sports
Soda Simulator|Browser Classics
Solar Client|Browser Classics
Solar Sandbox|Browser Classics
Solar Smash|Fighting
Somari 64|Platformer
Somari|Platformer
Sonic 1 - The Super Challenges|Platformer
Sonic 1 Contemporary|Platformer
Sonic 1 Mobile|Platformer
Sonic 1 Score Rush|Platformer
Sonic 2 Mobile|Platformer
Sonic 2 Pink Edition|Platformer
Sonic 2 Return of Shadow|Platformer
Sonic 2 Score Rush|Platformer
Sonic 2 Time and Place|Platformer
Sonic 3 And Knuckles|Platformer
Sonic 3 And Sally|Platformer
Sonic 3 Complete|Platformer
Sonic 3D Blast|Platformer
Sonic Advance 2 SP|Platformer
Sonic Advance 2|Platformer
Sonic Advance 3|Platformer
Sonic Advance|Platformer
Sonic And The Falling Star|Platformer
Sonic Battle|Platformer
Sonic Blast|Platformer
Sonic CD|Platformer
Sonic Chaos|Platformer
Sonic Classic Collection|Platformer
Sonic Classic Heroes|Platformer
Sonic Classics|Platformer
Sonic Colors|Platformer
Sonic Delta Origins|Platformer
Sonic Drift 2|Platformer
Sonic Drift|Platformer
Sonic Erazor|Platformer
Sonic Hellfire Saga|Platformer
Sonic Jam|Platformer
Sonic Labyrinth|Platformer
Sonic Mania Plus|Platformer
Sonic Megamix 4.0|Platformer
Sonic Megamix 5.0a LEAKED|Platformer
Sonic Megamix|Platformer
Sonic Mushroom Blast|Platformer
Sonic Revert|Platformer
Sonic Robo Blast 2|Platformer
Sonic Rush Adventure|Platformer
Sonic Rush|Platformer
Sonic R|Platformer
Sonic Scorched Quest|Platformer
Sonic Spinball|Retro Arcade
Sonic The Hedgehog 2|Platformer
Sonic Triple Trouble|Platformer
Sonic and Ashuro|Platformer
Sonic and Knuckles|Platformer
Sonic in SMB1|Platformer
Sonic in Super Mario 64 Plus|Platformer
Sonic in Super Mario 64|Platformer
Sonic in Super Mario World|Platformer
Sonic the Hedgehog - Pocket Adventure|Platformer
Sonic the Hedgehog 2|Platformer
Sonic the Hedgehog 3|Platformer
Sonic the Hedgehog|Platformer
Sonic.EXE Original|Horror
Sonny 2|Flash Classics
Sort The Court|Browser Classics
Soul Jumper|Browser Classics
Space Company|Browser Classics
Space Invaders 95|Shooter
Space Invaders|Shooter
Space Wars BattleGround|Browser Classics
Space Waves|Browser Classics
Space is Key 2|Flash Classics
Space is Key Xmas|Flash Classics
Space is Key|Flash Classics
Special Mission|Flash Classics
Speed Per Click|Browser Classics
Speed Stars|Browser Classics
Spelunky Classic HD|Browser Classics
Spewer|Flash Classics
Spiral Roll|Browser Classics
Spongebob PowerKart Grand Prix|Flash Classics
Sports Heads - Ice Hockey|Flash Classics
Sprinter|Browser Classics
Sprunked|Browser Classics
Sprunki Clicker|Rhythm
Sprunki Pyra Mixed|Rhythm
Sprunki|Rhythm
Squid Playground|Browser Classics
Stackball.io|Browser Classics
Stacktris|Browser Classics
Starlike Client|Browser Classics
State.io|Browser Classics
Station 141|Browser Classics
Station Meltdown|Browser Classics
Station Saturn|Browser Classics
Steak and Jake|Flash Classics
Steal A Brainrot Duel|Browser Classics
Steal A Brainrot|Browser Classics
Stealth Assassin|Flash Classics
Stealth Master|Browser Classics
Steel Surge Revolution|Browser Classics
Steep Descent|Browser Classics
Stick Archers Battle|Browser Classics
Stick Defenders|Shooter
Stick Duels: The War|Browser Classics
Stick Fighter|Browser Classics
Stick Man SWAT|Flash Classics
Stick Merge|Browser Classics
Stick RPG|Flash Classics
Stick Slasher|Browser Classics
Stick War 2|Flash Classics
Stick War|Flash Classics
Stick With It|Browser Classics
Stickjet Challenge|Browser Classics
Stickman Clash|Browser Classics
Stickman Duel|Browser Classics
Stickman Hook|Browser Classics
Stickman Kingdom Clash|Browser Classics
Stickman Kombat 2D|Browser Classics
Stickman and Guns|Shooter
Stickman gta City|Action
Stone Grass Mowing Simulator|Browser Classics
Storm the House 2|Flash Classics
Storm the House 3|Flash Classics
Storm the House|Flash Classics
Street Fighter 2 - Champion Edition|Fighting
Street Fighter 2 - Hyper Fighting|Fighting
Street Fighter 2 Turbo|Fighting
Street Fighter 2|Fighting
Street Fighter Alpha 2|Fighting
Street Fighter Alpha 3|Fighting
Street Fighter|Fighting
Strike Force Heroes 2|Flash Classics
Strike Force Heroes 3|Flash Classics
Strike Force Heroes|Flash Classics
Strikeforce Kitty 2|Browser Classics
Strikeforce Kitty Last Stand|Browser Classics
Strikeforce Kitty League|Browser Classics
Strikeforce Kitty|Browser Classics
Striker Dummies|Browser Classics
Subway Surfers: Barcelona|Browser Classics
Subway Surfers: Beijing|Browser Classics
Subway Surfers: Berlin|Browser Classics
Subway Surfers: Bueno aires|Browser Classics
Subway Surfers: Havana|Browser Classics
Subway Surfers: Houston|Browser Classics
Subway Surfers: Iceland|Browser Classics
Subway Surfers: London|Browser Classics
Subway Surfers: Mexico|Browser Classics
Subway Surfers: Miami|Browser Classics
Subway Surfers: Monaco|Browser Classics
Subway Surfers: New orleans|Browser Classics
Subway surfers: San francisco|Browser Classics
Subway surfers: St. petersburg|Browser Classics
Subway surfers: Winter holiday|Browser Classics
Subway surfers: Zurich|Browser Classics
Sugar Sugar|Flash Classics
Sugary Spire UNHAM|Browser Classics
Suika Game|Browser Classics
Suika Pico|Browser Classics
Suma|Flash Classics
Summer Carnival 92|Retro Arcade
Summer Rider 3D|Browser Classics
Super  Pickleball Adventure|Browser Classics
Super Bomberman 2|Platformer
Super Bomberman 3|Platformer
Super Bomberman 4|Platformer
Super Bomberman 5|Platformer
Super Bomberman|Platformer
Super Car Rush|Racing
Super Castlevania IV|Platformer
Super Chibi Knight|Flash Classics
Super Dark Deception|Browser Classics
Super Diagonal mario 2|Platformer
Super Falling Fred|Browser Classics
Super Fighters|Flash Classics
Super House of Dead Ninjas|Flash Classics
Super Kid Adventure|Browser Classics
Super Liquid Soccer|Sports
Super Mario 63 Redux|Platformer
Super Mario 63|Platformer
Super Mario 64 (webgl)|Platformer
Super Mario 64 - Liminal Dream|Platformer
Super Mario 64 - Sapphire|Platformer
Super Mario 64 - The Green Stars|Platformer
Super Mario 64 DS|Platformer
Super Mario 64 Land|Platformer
Super Mario 64 Last Impact|Platformer
Super Mario 64 Sunshine|Platformer
Super Mario 64 The Hidden Stars|Platformer
Super Mario 64 Y Scaled|Platformer
Super Mario 64: Ocarina of Time|Platformer
Super Mario 64|Platformer
Super Mario 74|Platformer
Super Mario Advance 2|Platformer
Super Mario Advance 3|Platformer
Super Mario Advance 4|Platformer
Super Mario Advance|Platformer
Super Mario All Stars|Platformer
Super Mario Bros Deluxe|Platformer
Super Mario Bros. 2 - The Lost Levels|Platformer
Super Mario Bros. 2|Platformer
Super Mario Bros. 3 Mix|Platformer
Super Mario Bros. 3|Platformer
Super Mario Bros. Remastered|Platformer
Super Mario Bros|Platformer
Super Mario Construct|Platformer
Super Mario Crossover|Platformer
Super Mario Galaxy DS|Platformer
Super Mario Kart|Racing
Super Mario Land 1 DX|Platformer
Super Mario Land 2 DX|Platformer
Super Mario Land 2|Platformer
Super Mario Land|Platformer
Super Mario Rpg|Platformer
Super Mario Star Road Retooled|Platformer
Super Mario Star Road|Platformer
Super Mario World - A Plumber For All Seasons|Platformer
Super Mario World the Secret of the 7 Golden Statues|Platformer
Super Mario World|Platformer
Super Mariomon|Platformer
Super Metroid|Action
Super Momos Crushers|Browser Classics
Super Oliver World|Browser Classics
Super Onion Boy 2|Browser Classics
Super Santa Kicker 2|Browser Classics
Super Santa Kicker|Browser Classics
Super Smash Flash 2|Fighting
Super Smash Flash|Fighting
Super Smash bros|Fighting
Super Street Fighter 2 - The New Challengers|Fighting
Super Street Fighter 2 Turbo JP|Fighting
Super Street Fighter II Turbo Revival|Fighting
SuperSmashFlash v0.8|Fighting
Supercold|Browser Classics
Superdromebugs|Browser Classics
Superhot Line Miami|Browser Classics
Superhot|Browser Classics
Supreme Duelist 2019|Browser Classics
Supremeduelist|Browser Classics
Survev.io|Browser Classics
Survival Race v2|Racing
Survivor.io|Shooter
Sushi Cat|Flash Classics
Sushi Unroll|Browser Classics
Switchblade|Browser Classics
Switch|Browser Classics
Swordfight|Browser Classics
Swords and Sandals|Flash Classics
Swords and Souls|Flash Classics
Sydney Shark|Flash Classics
TEMPOVERDOSE|Browser Classics
Table Tanks|Browser Classics
Table Tennis World Tour|Sports
Taco Stand|Browser Classics
Tag (coolmathgames)|Browser Classics
Tag|Browser Classics
Tail of The Dragon|Browser Classics
Taisei Project|Browser Classics
Takeover|Flash Classics
TaleSpin|Platformer
Tall.io|Browser Classics
Tank Pixel|Browser Classics
Tank Trouble|Flash Classics
Tanuki Sunset|Browser Classics
Tap Road|Browser Classics
Tasty Planet|Flash Classics
Telephone Trouble|Browser Classics
Temple Run 2|Browser Classics
Temple of Boom|Flash Classics
Tennis|Sports
Terra|Browser Classics
Territorial.io|Browser Classics
Territory War 2|Flash Classics
Territory War 3|Flash Classics
Territory War|Flash Classics
Tetris (Tengen)|Puzzle
Tetris - The Grandmaster 2|Puzzle
Tetris 64|Puzzle
Tetris Attack|Puzzle
Tetris|Puzzle
The Classroom 2|Flash Classics
The Classroom 3|Flash Classics
The Classroom|Flash Classics
The Deadseat|Horror
The Deepest Sleep|Flash Classics
The Dude|Browser Classics
The Enchanted Cave 2|Flash Classics
The End Of Disney|Browser Classics
The Impossible Game|Flash Classics
The Impossible Quiz 2|Flash Classics
The Impossible Quiz|Flash Classics
The Jungle Book|Platformer
The Last Stand 2|Flash Classics
The Last Stand Union City|Flash Classics
The Last Stand|Flash Classics
The Legend of Zelda - Minish Cap|Adventure
The Legend of Zelda Majora’s Mask|Adventure
The Legend of Zelda Ocarina of Time Master Quest|Adventure
The Legend of Zelda Ocarina of Time|Adventure
The Legend of Zelda a Link to the Past|Adventure
The Legend of Zelda|Adventure
The Man From The Window|Horror
The Revenge of Shinobi|Action
The Sodor Race|Racing
The Sun For The Vampire|Flash Classics
The Sun and Moon|Browser Classics
The Visitor|Browser Classics
There is No Game|Browser Classics
Thermomorph|Browser Classics
They Are Coming|Browser Classics
Thiefpuzzle|Browser Classics
This is the Only Level Too|Flash Classics
This is the Only Level|Flash Classics
Three Goblets|Browser Classics
Throw a Potato Again|Browser Classics
Throw a Potato|Browser Classics
Thwack|Browser Classics
Time Shooter 2|Browser Classics
Time Shooter 3|Browser Classics
Timewarriors|Browser Classics
Tiny Fishing|Simulation
To a Starling|Browser Classics
Toasterball|Browser Classics
Tomb of the Mask|Browser Classics
Tomorrow And Yesterday|Browser Classics
Tony Hawk’s Pro Skater 2|Sports
Tony Hawk’s Pro Skater 4|Sports
Tony Hawk’s Underground|Sports
Top Speed Racing 3D|Racing
Toss the Turtle|Flash Classics
Totally Accurate Battle Simulator|Webports
Tower Blocks|Browser Classics
Tower Crash 3D|Platformer
Tower Wizard|Browser Classics
Townscraper|Browser Classics
Toy Story|Platformer
Trace|Racing
Traffic Jam 3D|Browser Classics
Tralalero Tralala Escape Tung Tung Tung Sahur|Puzzle
Trap The Cat|Browser Classics
Trapped With Jester|Browser Classics
Treacherous Trials Part 2|Browser Classics
Treacherous Trials|Browser Classics
Trees Hate You|Browser Classics
Triachnid|Browser Classics
Trivia Crack|Browser Classics
Troll Face Quest 10|Flash Classics
Troll Face Quest 11|Flash Classics
Troll Face Quest 12|Flash Classics
Troll Face Quest 13|Flash Classics
Troll Face Quest 1|Flash Classics
Troll Face Quest 2|Flash Classics
Troll Face Quest 3|Flash Classics
Troll Face Quest 4|Flash Classics
Troll Face Quest 5|Flash Classics
Troll Face Quest 6|Flash Classics
Troll Face Quest 7|Flash Classics
Troll Face Quest 8|Flash Classics
Troll Face Quest 9|Flash Classics
Tube Jumpers|Browser Classics
Tuff Client|Sandbox
Tung Sahur Horror|Browser Classics
Tung Tung Basics (t cubed or t³)|Browser Classics
Tung Tung Tung Sahur Obby|Browser Classics
Tunnel Rush|Browser Classics
Tuper Tario Tros|Flash Classics
Twin Shot|Flash Classics
Two Ball 3D|Browser Classics
Tzusuki Maze|Puzzle
UZG|Browser Classics
Ufo Swamp Odyssey|Browser Classics
Ultimate Assassin 2|Flash Classics
Ultimate Assassin 3|Flash Classics
Ultimate Car Driving Simulator|Racing
Ultimate Flash Sonic|Platformer
Ultimate Mortal Kombat 3|Fighting
Ultimate Mortal Kombat|Fighting
Ultrakill (buggy)|Shooter
Uncanny Cat Golf|Sports
Underneath|Browser Classics
Undertale Yellow|Browser Classics
Undertale: Last Breath|Browser Classics
Unfair Mario|Platformer
Unfair Undyne|Browser Classics
Unicycle Hero|Browser Classics
Unitres Dreams|Browser Classics
Untime|Browser Classics
UpSlash|Browser Classics
Upgrade Complete 2|Flash Classics
Upgrade Complete|Flash Classics
UvuvwevwevweOnyetenvewveUgwemubwemOssas|Browser Classics
UwU Client|Browser Classics
VS Super Mario Bros|Platformer
VVVVVV|Flash Classics
Vampire Survivors|Browser Classics
Vapor Trails|Browser Classics
Vex 3 Xmas|Platformer
Vex 4|Platformer
Vex 5|Platformer
Vex 6|Platformer
Vex 7|Platformer
Vex 8|Platformer
Vex Challenges|Platformer
Vex|Platformer
Villager|Browser Classics
Vincent Mansion Of The Dead|Browser Classics
Volley Random|Browser Classics
Volleyball Challenge|Browser Classics
Vortex|Browser Classics
WWE Smackdown vs RAW 2009|Sports
Wacky Flip|Browser Classics
War the Knight|Browser Classics
Warfare 1917|Flash Classics
Warfare 1944|Flash Classics
Wario Land 1 - Super Mario Land 3|Platformer
Wario Land 3|Platformer
Wario Land 4|Platformer
Wario Ware inc|Platformer
Warioware D.I.Y|Platformer
Warioware Touched|Platformer
Waterpool.io|Sports
Waterworks|Browser Classics
Wave Dash|Browser Classics
Wave Race 64|Racing
Wave Road 3D|Browser Classics
Wave Run|Browser Classics
We Become What We Behold|Browser Classics
Web Dashers|Browser Classics
Webfishing|Simulation
Weltling|Flash Classics
Wermhole|Browser Classics
Whack Your Boss|Flash Classics
Whack Your Computer|Flash Classics
Whack the Thief|Flash Classics
What a Mario World!|Platformer
Wheelie Bike|Racing
Wheely 2|Flash Classics
Wheely 3|Flash Classics
Wheely 4|Flash Classics
Wheely 5|Flash Classics
Wheely 6|Flash Classics
Wheely 7|Flash Classics
Wheely 8|Flash Classics
Wheely|Flash Classics
Windows Doors|Flash Classics
Winter Falling|Browser Classics
Witchcraft td|Browser Classics
Wolfenstein 3D Emscripten|Browser Classics
Wonder Boy|Retro Arcade
Woodworm|Browser Classics
Wordle|Browser Classics
World’s Hardest Game 2|Flash Classics
World’s Hardest Game 3|Flash Classics
World’s Hardest Game 4|Flash Classics
World’s Hardest Game|Flash Classics
Wpn Fire|Flash Classics
Wrassling|Browser Classics
Wrestle Bros|Browser Classics
Wurst Client|Browser Classics
X-Men - Children of the Atom|Retro Arcade
X-Men VS Street Fighter|Fighting
Xor|Browser Classics
Yandere Simulator|Horror
Yellow|Flash Classics
Yohoho.io|Browser Classics
Yoshi’s Strange Quest|Platformer
You Are Lucky|Flash Classics
You vs. 100 Skibidi|Browser Classics
Your Only Move Is HUSTLE|Webports
Your Turn To Die|Browser Classics
Yume Nikki|RPG
ZDoom|Shooter
Zelda 2 the Legend of Link|Adventure
Zelda Indigo - Chapter 2|Adventure
Zen Word|Browser Classics
Zeta Client|Browser Classics
Zoikz Defender|Shooter
Zombie Exploder|Flash Classics
Zombie Road|Browser Classics
Zombie Rush|Browser Classics
Zombies Ate My Neighbors|Horror
Zombocalypse 2|Flash Classics
Zombotron 2|Flash Classics
Zombotron Reboot|Browser Classics
Zombotron|Flash Classics
Zrist|Browser Classics
Zuma|Flash Classics
osu!|Browser Classics
Ö: clÖoo.html|Browser Classics
ʘ: clʘ.|Browser Classics
